変更後バス停名称,緯度,経度
Hareza池袋東,35.732085,139.71657
JMTダイナベース,35.586914,139.747104
JMT京浜トラックターミナル,35.586861,139.744057
JR王子駅,35.754527,139.736794
JR田端駅,35.738261,139.759644
NHK技研前,35.635202,139.615835
NTT江戸川支店前,35.710472,139.873969
NTT江戸川支店前,35.710472,139.873969
アーツ千代田3331,35.703992,139.771665
あかつき公園,35.666735,139.775626
アカデミー音羽,35.719889,139.725754
アクロスあらかわ,35.740639,139.783325
アクアステージ入口,35.755981,139.758914
アクロシティ,35.740608,139.79038
アクロシティ,35.740608,139.79038
いかづち公園前,35.785145,139.783566
いかづち公園前,35.785145,139.783566
いすゞ病院前,35.589163,139.732685
ウテナ前,35.668064,139.608634
ウテナ前,35.668064,139.608634
エル・ソフィア前,35.771108,139.797576
エル・ソフィア前,35.771108,139.797576
オペラ通り,35.682256,139.684992
オリンピック下丸子店前,35.57089,139.681389
ガス橋二十一世紀桜,35.564491,139.684096
かんだ連雀,35.696604,139.768511
キャナルコート2街区前,35.646469,139.80458
キャナルコート4街区前,35.647859,139.804396
キヤノン本社通用門前,35.567563,139.683569
クイーンズ伊勢丹小石川店前,35.71461,139.751906
くすのきカルチャーセンター前,35.67293,139.861951
くすのきカルチャーセンター前,35.67293,139.861951
グリーンハイム荒川,35.73874,139.791214
グリーンハイム荒川,35.73874,139.791214
ケアコミュニティ・せせらぎ,35.675499,139.681564
けんちの苑,35.730678,139.801495
けんちの苑,35.730678,139.801495
コツ通り,35.735035,139.797251
コツ通り,35.735035,139.797251
こんにゃくえんま,35.711387,139.751669
さかえ児童遊園,35.776592,139.862007
さくら会前,35.59451,139.734343
さくら公園入口,35.707017,139.890238
さくら公園入口,35.707017,139.890238
サミットストア湯島天神南店,35.705916,139.767649
サレジオ教会,35.620042,139.686977
サレジオ教会,35.61958966,139.6869168
サンシャインシティ南,35.727677,139.720044
しながわ区民公園,35.596498,139.739937
しながわ区民公園,35.596498,139.739937
シニアセンター,35.669043,139.785249
しゃくやく公園前,35.704611,139.894339
しゃくやく公園前,35.704611,139.894339
シャシー整理場前,35.628617,139.832516
シャシー整理場前,35.628617,139.832516
シャレール荻窪入口,35.696269,139.625093
シンボルプロムナード公園前,35.620527,139.776997
シルバープラザ梅若,35.729396,139.815476
ジロール麹町入口,35.685851,139.741756
すいすいらんど綾瀬,35.770862,139.831514
すいすいらんど綾瀬,35.770862,139.831514
すきっぷ前,35.657349,139.625788
すみだスポーツ健康センター入口,35.715133,139.830797
すみだトリフォニーホール入口,35.697519,139.808762
すみだ女性センター,35.712898,139.81196
すみだ北斎美術館前,35.696994,139.80062
セイコーミュージアム前・法泉寺入口,35.726792,139.813087
ゼームス坂上,35.608563,139.73764
タワーホームズ前,35.705291,139.700189
タワーホームズ前,35.705291,139.700189
ちよだプラットフォームスクウェア入口,35.692346,139.760893
つくばエクスプレス浅草駅,35.713349,139.792519
つばめの里・本町東,35.687677,139.681495
つりがね池公園,35.652885,139.604845
テクノプラザかつしか,35.752163,139.851993
テクノプラザかつしか,35.752163,139.851993
ときわ橋,35.675265,139.592539
ときわ橋,35.675265,139.592539
ときわ台駅入口,35.756151,139.686157
ときわ台駅入口,35.756151,139.686157
トッパンホール・印刷博物館,35.70974,139.74336
にいじゅくみらい公園,35.772817,139.862953
にいじゅくみらい公園,35.772817,139.862953
にいじゅくみらい公園南,35.770262,139.862558
にいじゅくみらい公園南,35.770262,139.862558
パークハイアット東京前,35.686428,139.690118
パークウェイ入口,35.590823,139.663923
パークウェイ入口,35.590823,139.663923
はぁとぴあ原宿入口,35.672531,139.710721
はぁとぴあ原宿入口,35.672531,139.710721
ハイアットリージェンシー東京前,35.691303,139.691758
はちまん橋,35.599048,139.654599
はつらつセンター富ヶ谷,35.664144,139.685095
はなしょうぶ園,35.78189,139.869835
はやいち公園,35.753208,139.656614
びくに公園入口,35.755469,139.596027
ひまわり荘,35.632872,139.625995
ヒルサイドテラス,35.648507,139.700211
プラザ神明,35.658547,139.75774
フラワーロード,35.800314,139.806633
ふれあいの家,35.783067,139.860332
ふれあいの家,35.783067,139.860332
ふれあい遊歩道,35.648514,139.608287
プロムナード荻窪,35.712036,139.605472
まないた橋,35.696201,139.752947
マイホーム新川,35.673553,139.783117
ミーツポート,35.703742,139.754808
みなとっぷ21,35.682615,139.66183
みどりコミュニティセンター,35.692868,139.803023
みつわ通り,35.718243,139.645068
もみじ山通り,35.709099,139.67357
もみじ山通り,35.709099,139.67357
やっちゃば緑道,35.741229,139.801186
もみじ山,35.767092,139.601834
もみじ山,35.767092,139.601834
やのはし,35.622236,139.621246
やのはし,35.622236,139.621246
ゆいの森あらかわ,35.739542,139.784269
ゆうあいの郷・扇,35.767316,139.774593
ゆうあいの郷・扇,35.767316,139.774593
リサイクルセンター入口,35.736554,139.660128
リハポート明石,35.669115,139.776956
りんかい線天王洲アイル駅前,35.62002,139.750915
リブレ京成前,35.785469,139.859361
リブレ京成前,35.785469,139.859361
ロイヤル病院前,35.670185,139.627852
ワテラス前,35.697319,139.768278
愛育クリニック前,35.654064,139.72659
愛育クリニック前,35.65368842,139.7260341
阿弥陀橋,35.774682,139.772744
阿弥陀橋,35.774682,139.772744
阿佐ヶ谷南一丁目,35.701416,139.636106
阿佐ヶ谷南一丁目,35.701416,139.636106
愛宕一丁目,35.666359,139.749072
愛宕一丁目,35.666359,139.749072
愛宕警察署,35.661082,139.753141
愛宕警察署,35.661082,139.753141
愛宕山下,35.664931,139.749732
愛宕山下,35.664931,139.749732
旭町都営住宅前,35.771748,139.630907
旭町都営住宅前,35.771748,139.630907
旭町二丁目,35.770074,139.627148
旭町二丁目,35.770074,139.627148
阿佐ヶ谷住宅南,35.695637,139.63288
阿佐ヶ谷住宅南,35.695637,139.63288
阿佐ヶ谷住宅東,35.695613,139.633856
阿佐ヶ谷住宅東,35.695613,139.633856
旭橋,35.671082,139.625726
綾瀬小学校東,35.763377,139.830278
芦花パークゴルフ練習場,35.66646,139.608153
芦花パークゴルフ練習場,35.66646,139.608153
芦花公園駅前,35.671245,139.609057
芦花公園駅前,35.671245,139.609057
愛育クリニック,35.653723,139.726106
綾瀬二丁目,35.758646,139.828795
綾瀬二丁目,35.758646,139.828795
鞍橋,35.652759,139.600336
伊興地域学習センター東,35.791103,139.782949
伊興地域学習センター東,35.79233058,139.7829102
伊興三丁目,35.794338,139.782909
伊興三丁目,35.794338,139.782909
伊興小学校前,35.795171,139.780911
伊興小学校前,35.795171,139.780911
一口坂手前,35.693228,139.740664
一ツ橋,35.692411,139.758997
一丁目南,35.775527,139.857196
一丁目広場,35.702622,139.897928
一丁目広場,35.702622,139.897928
一丁目北,35.776269,139.855917
一之江駅環七口,35.685893,139.882575
一之江駅環七口,35.685893,139.882575
一番町交差点,35.687504,139.742046
一之江七丁目,35.687251,139.877148
一之江七丁目,35.687251,139.877148
蛎殻町一丁目水天宮前駅,35.682863,139.785169
蛎殻町二丁目,35.682181,139.786432
三原橋,35.670067,139.765696
采女橋,35.667884,139.767142
九段北一丁目,35.697831,139.750535
麹町出張所,35.685764,139.739983
五味坂交番,35.688572,139.74248
九段さくら館,35.692659,139.74384
給田郵便局,35.666216,139.591352
給田郵便局,35.666216,139.591352
給田二丁目,35.66495,139.596205
給田二丁目,35.66495,139.596205
外神田六丁目,35.704437,139.769938
御茶ノ水駅,35.70041,139.764203
宇奈根,35.621913,139.606513
喜多見中学校,35.625131,139.594806
喜多見中学校,35.625131,139.594806
宇佐美本郷ビル前,35.70467,139.760113
月島区民センター,35.662436,139.782736
月島スポーツプラザ,35.665262,139.783104
御徒町,35.707484,139.778626
永寿総合病院,35.710021,139.778607
菊坂通り,35.708312,139.759695
三筋老人福祉館東,35.705722,139.787909
慈恵医大葛飾医療センター,35.75212954,139.8584174
後楽一丁目,35.70345,139.74859
京成青砥駅・ユアエルム青戸,35.746216,139.856463
隅田川駅,35.730301,139.800186
隅田川駅,35.730301,139.800186
共同印刷,35.716574,139.746197
駒込病院,35.730637,139.756921
荒川総合スポーツセンター,35.735453,139.791147
荒川総合スポーツセンター,35.735453,139.791147
荒川自然公園入口,35.743458,139.785058
荒川自然公園入口,35.743458,139.785058
花の木,35.741249,139.780372
子ども家庭支援センター,35.7393,139.778258
子ども家庭支援センター,35.73968247,139.7780874
荒川中央通り,35.737589,139.781757
汐入小学校,35.735394,139.80668
汐入小学校,35.735394,139.80668
亀戸香取神社,35.704132,139.82561
亀戸香取神社,35.704132,139.82561
亀沢三丁目,35.697147,139.803235
下町人情キラキラ橘商店街入口,35.712639,139.823504
吾嬬神社入口,35.707682,139.827683
一葉記念館,35.726278,139.790724
三筋児童遊園,35.704537,139.788126
国技館・水上バス乗り場,35.697643,139.792766
江島杉山神社入口,35.692672,139.791881
元徳稲荷神社入口,35.690577,139.803168
賛育会病院,35.702714,139.814095
丸山車庫,35.723929,139.669521
後楽二丁目,35.707406,139.745785
曳舟駅南,35.715494,139.814803
曳舟文化センター,35.718573,139.818371
関口二丁目,35.712038,139.729678
久我山三丁目,35.686477,139.593959
久我山三丁目,35.686477,139.593959
隅田稲荷神社入口,35.729707,139.823743
江戸川公園,35.710921,139.731269
江戸川橋駅,35.709448,139.73313
見番通り入口,35.716465,139.808983
三輪里稲荷神社入口,35.721047,139.825921
曳舟小学校,35.715625,139.820763
隅田川神社・木母寺入口,35.732653,139.816091
榎本武揚像入口,35.734273,139.817743
歯科医師会館,35.727053,139.888281
歯科医師会館,35.727053,139.888281
菊地外科・胃腸科,35.716764,139.891995
菊地外科・胃腸科,35.716764,139.891995
鹿骨三丁目,35.711602,139.894109
鹿骨三丁目,35.711602,139.894109
高野駅,35.767867,139.770149
鹿本橋,35.713362,139.880497
鹿本橋,35.713362,139.880497
鹿骨二丁目,35.705226,139.896623
鹿骨二丁目,35.705226,139.896623
共育プラザ南篠崎,35.697886,139.899893
共育プラザ南篠崎,35.697886,139.899893
鹿骨一丁目公園,35.708503,139.887013
鹿骨一丁目公園,35.708503,139.887013
江戸川区役所,35.707334,139.868942
鹿骨区民館入口,35.708373,139.889299
鹿骨区民館入口,35.708373,139.889299
三軒茶屋銀座,35.646086,139.669911
三軒茶屋銀座,35.646086,139.669911
下鎌田東小学校,35.687439,139.900978
下鎌田東小学校,35.687439,139.900978
江戸川清掃工場,35.68522,139.903337
興本扇学園,35.772376,139.774617
興本扇学園,35.772376,139.774617
区立温水プール前,35.659317,139.617019
亀有四丁目,35.762904,139.840557
亀有四丁目,35.762904,139.840557
奥戸運動場,35.740192,139.862966
奥戸運動場,35.740192,139.862966
砧総合支所,35.641226,139.600298
砧図書館,35.642191,139.604184
駒沢陸橋,35.628874,139.673769
栗島小学校入口,35.776161,139.811176
栗島小学校入口,35.776161,139.811176
栗島中学校前,35.777179,139.809268
栗島中学校前,35.777179,139.809268
栗島住区センター,35.777334,139.805127
栗島住区センター,35.777334,139.805127
学童保育クラブ,35.777501,139.860538
三菱ガス化学東京テクノパーク,35.771441,139.860795
三菱ガス化学東京テクノパーク,35.771441,139.860795
金町営業所,35.761474,139.867305
亀有新道,35.754167,139.850575
亀有新道,35.754167,139.850575
護国寺駅,35.719549,139.727336
花見橋,35.691573,139.676771
花見橋,35.691573,139.676771
講談社前,35.718334,139.727943
葛飾区役所,35.742474,139.847953
三角広場,35.774898,139.863293
奥戸一丁目,35.731009,139.858615
奥戸一丁目,35.731009,139.858615
奥戸三丁目南,35.733352,139.860954
奥戸三丁目南,35.733352,139.860954
奥戸車庫,35.736692,139.854074
奥戸車庫,35.736692,139.854074
烏山総合支所前,35.670048,139.598203
烏山総合支所前,35.670048,139.598203
京成小岩駅入口,35.742274,139.882133
京成小岩駅入口,35.742274,139.882133
鎌倉町,35.744827,139.88106
鎌倉町,35.744827,139.88106
鎌倉小学校,35.747248,139.880043
鎌倉小学校,35.747248,139.880043
下井病院,35.76531,139.829114
下井病院,35.76531,139.829114
鹿本中学校,35.719473,139.877844
鹿本中学校,35.719473,139.877844
金町三丁目,35.766446,139.871353
金町三丁目,35.766446,139.871353
五反野駅入口,35.765073,139.808952
五反野駅入口,35.765073,139.808952
五反野駅交通広場,35.766246,139.808508
光が丘南入口,35.753746,139.621195
光が丘南入口,35.753746,139.621195
光が丘第二中学校,35.753763,139.625532
光が丘第二中学校,35.753763,139.625532
桜台駅通り,35.734956,139.659841
桜台駅通り,35.734956,139.659841
光丘高校,35.767276,139.625153
光丘高校,35.767276,139.625153
光が丘六丁目,35.760578,139.625282
光が丘六丁目,35.760578,139.625282
光が丘公園北,35.770072,139.628561
光が丘公園北,35.77036997,139.6297374
光が丘五丁目,35.763077,139.62721
光が丘五丁目,35.763077,139.62721
学園町八丁目東,35.772437,139.595736
学園町八丁目東,35.772437,139.595736
四面塔稲荷,35.761041,139.574061
四面塔稲荷,35.761041,139.574061
学園通り補助230号線,35.768662,139.587024
学園通り補助230号線,35.768662,139.587024
三田一丁目,35.654769,139.739825
山王病院前,35.669704,139.726949
光林寺,35.646899,139.727401
港南二丁目,35.625031,139.739812
港南二丁目,35.625031,139.739812
高輪四丁目,35.626465,139.737634
高輪四丁目,35.626465,139.737634
烏森神社,35.666217,139.756601
慈恵医大病院入口,35.663165,139.752636
慈恵医大病院入口,35.663165,139.752636
御成門中学校,35.661431,139.750321
御成門北,35.661881,139.748418
外苑前駅,35.670639,139.717832
外苑前駅,35.670639,139.717832
元赤坂一丁目,35.677989,139.732236
港南いきいきプラザ,35.629572,139.746819
港南いきいきプラザ,35.629572,139.746819
三田四丁目,35.643596,139.74024
三田四丁目,35.643596,139.74024
三田三丁目,35.647039,139.743614
三田三丁目,35.647039,139.743614
三宝寺池,35.73801,139.598719
三宝寺池,35.73801,139.598719
荻窪警察前,35.711675,139.607954
荻窪警察前,35.711675,139.607954
関町北小学校,35.733848,139.57666
関町北小学校,35.733848,139.57666
工学院大学前,35.691159,139.695552
丸山東橋,35.754559,139.576771
丸山東橋,35.754559,139.576771
丸山西橋,35.755811,139.570754
丸山西橋,35.755811,139.570754
関越富士見橋,35.764843,139.577643
関越西大泉橋,35.765225,139.579416
高松幼稚園西,35.76136,139.614724
憩いの森入口,35.760587,139.616887
高松六丁目,35.759699,139.619081
奥戸小学校,35.739124,139.864889
奥戸小学校,35.739124,139.864889
細田踏切,35.740241,139.869375
細田踏切,35.740241,139.869375
細田三丁目,35.74053,139.871157
細田三丁目,35.74053,139.871157
久保新田,35.763258,139.57156
久保新田,35.763258,139.57156
金連院入口,35.772622,139.875156
奥戸新橋,35.734225,139.868061
細田四丁目,35.740935,139.875056
細田四丁目,35.740935,139.875056
鎌倉一丁目,35.741249,139.879227
鎌倉一丁目,35.741249,139.879227
京成小岩駅西,35.741362,139.881933
下赤塚,35.769593,139.644917
下赤塚,35.769593,139.644917
宮城土手上,35.762405,139.758299
宮城土手上,35.762405,139.758299
久松町,35.688272,139.786361
岩本町駅前,35.695701,139.776423
原中学校入口,35.749572,139.780088
原中学校入口,35.749572,139.780088
高田一丁目,35.717395,139.71708
高田一丁目,35.717395,139.71708
山吹町,35.708734,139.731566
山吹町,35.708734,139.731566
榎町特別出張所前,35.70579,139.727248
榎町特別出張所前,35.70579,139.727248
牛込保健センター,35.703823,139.726789
牛込保健センター,35.703823,139.726789
牛込弁天町,35.702314,139.726753
牛込弁天町,35.702314,139.726753
市ヶ谷富久町,35.691171,139.717218
市ヶ谷富久町,35.691171,139.717218
花園町,35.691142,139.712867
花園町,35.691142,139.712867
鬼子母神前,35.718026,139.715743
鬼子母神前,35.718026,139.715743
光が丘秋の陽小学校,35.760838,139.634972
光が丘秋の陽小学校,35.760838,139.634972
桜川,35.76104,139.674467
桜川,35.76104,139.674467
宇喜田公園前,35.676095,139.859508
宇喜田公園前,35.676095,139.859508
区立自然動物園前,35.672765,139.857804
区立自然動物園前,35.672765,139.857804
江原町中野通り,35.729154,139.678026
岩淵町,35.782886,139.725313
岩淵町,35.782886,139.725313
志茂二丁目,35.781361,139.729399
志茂二丁目,35.781361,139.729399
志茂一丁目,35.778032,139.73265
志茂一丁目,35.778032,139.73265
高円寺駅入口,35.706741,139.65435
高円寺駅入口,35.706741,139.65435
環八若木二丁目,35.771277,139.671497
環八若木二丁目,35.771277,139.671497
海岸通り裏,35.638636,139.754436
桜台駅,35.738197,139.660818
恵比寿一丁目,35.646158,139.71309
恵比寿一丁目,35.646158,139.71309
恵比寿二丁目,35.645288,139.718939
恵比寿二丁目,35.645288,139.718939
三光坂下,35.643822,139.730702
三光坂下,35.643822,139.730702
虎ノ門三丁目,35.66526,139.746676
虎ノ門三丁目,35.66526,139.746676
銀座西六丁目,35.67104,139.761503
銀座西六丁目,35.67104,139.761503
健康プラザとしま,35.735366,139.714977
健康プラザとしま,35.735366,139.714977
劇場通り中央,35.735039,139.709671
劇場通り中央,35.735039,139.709671
宇田川町,35.662531,139.696638
市谷田町,35.695267,139.73666
市谷田町,35.695267,139.73666
塩浜橋,35.663392,139.805199
塩浜橋,35.663392,139.805199
亀沢四丁目,35.698062,139.805107
亀沢四丁目,35.698062,139.805107
高松小学校,35.739799,139.698503
永田町,35.677966,139.741701
永田町,35.677966,139.741701
国会議事堂前,35.677878,139.744648
国会議事堂前,35.677878,139.744648
高橋,35.685889,139.798288
高橋,35.685889,139.798288
吾妻橋一丁目,35.708393,139.800894
吾妻橋一丁目,35.708393,139.800894
牛込神楽坂駅前,35.701838,139.737607
牛込神楽坂駅前,35.701838,139.737607
九段三丁目,35.693332,139.743222
九段三丁目,35.693332,139.743222
自由の広場前,35.694529,139.851061
亀戸中学校入口,35.696225,139.843082
亀戸中学校入口,35.696225,139.843082
菊川三丁目,35.688409,139.807871
菊川三丁目,35.688409,139.807871
菊川一丁目,35.688135,139.802596
菊川一丁目,35.688135,139.802596
蛎殻町,35.682315,139.780833
蛎殻町,35.682315,139.780833
鷺宮区民活動センター分室,35.717601,139.638814
江東公会堂前,35.689002,139.818814
江東公会堂前,35.689002,139.818814
押上三丁目,35.709443,139.817973
押上三丁目,35.709443,139.817973
押上一丁目,35.711708,139.815883
押上一丁目,35.711708,139.815883
宮下公園前,35.661223,139.702439
寺院通一番,35.675803,139.59873
烏山北小学校,35.673656,139.600213
烏山中学,35.671465,139.600218
宮前五丁目,35.696437,139.600877
宮前五丁目,35.696437,139.600877
高円寺南五丁目,35.700436,139.659446
高円寺南五丁目,35.700436,139.659446
猿楽トレーニングジム入口・代官山Tサイト,35.649852,139.700106
宮前ふれあいの家,35.695549,139.602566
恵比寿駅東口,35.647295,139.711226
恵比寿1丁目,35.647069,139.712911
郷土博物館・文学館,35.656331,139.712153
恵比寿社会教育館,35.6454,139.719345
加計塚小学校,35.643642,139.714548
恵比寿南1丁目,35.643557,139.710133
恵比寿駅入口,35.645442,139.708032
恵比寿公園,35.647209,139.707136
恵比寿西2丁目,35.65176,139.706458
寺院通二番,35.677388,139.597029
寺院通三番,35.678147,139.596272
寺院通四番,35.678995,139.595254
甲田医院前,35.702852,139.601745
押上二丁目,35.715035,139.814509
押上二丁目,35.715035,139.814509
向島三丁目,35.712853,139.811876
向島三丁目,35.712853,139.811876
久我山駅入口,35.689684,139.600464
荻窪一丁目北,35.695567,139.625944
久我山病院,35.68128,139.59816
烏山都営住宅前,35.679945,139.598365
烏山北住宅,35.676243,139.600628
烏山バイパス,35.673044,139.601382
国学院前,35.682378,139.594456
寺院通五番,35.680772,139.59379
銀座六丁目,35.669948,139.763516
銀座六丁目,35.669948,139.763516
桜台駅通,35.735611,139.659556
浦安橋,35.666496,139.884347
浦安橋,35.666496,139.884347
宇喜田第一住宅,35.672344,139.866028
宇喜田第一住宅,35.672344,139.866028
葛西郵便局,35.670047,139.866619
葛西郵便局,35.670047,139.866619
葛西区民館前,35.666248,139.869824
葛西区民館前,35.666248,139.869824
梶原,35.751539,139.747425
梶原,35.751539,139.747425
葛西水再生センター前,35.650626,139.853745
行船公園前,35.67066,139.859271
行船公園前,35.67066,139.859271
横川橋,35.704008,139.809601
横川橋,35.704008,139.809601
金町二丁目,35.766447,139.870545
金町二丁目,35.766447,139.870545
亀有警察署前,35.76216,139.862991
亀有警察署前,35.76216,139.862991
亀有新道入口,35.752366,139.85024
亀有新道入口,35.752366,139.85024
向島消防署前,35.723297,139.81942
向島消防署前,35.723297,139.81942
向島五丁目,35.717218,139.812383
向島五丁目,35.717218,139.812383
向島二丁目,35.715523,139.809865
向島二丁目,35.715523,139.809865
銀杏並木通り,35.692958,139.872324
銀杏並木通り,35.692958,139.872324
駒込千駄木町,35.724596,139.757077
駒込千駄木町,35.724596,139.757077
荒川五丁目,35.739359,139.778356
荒川五丁目,35.739359,139.778356
京成中組,35.742902,139.797864
京成中組,35.742902,139.797864
三ノ輪橋,35.732386,139.792858
三ノ輪橋,35.732386,139.792858
橘通り,35.715816,139.824871
橘通り,35.715816,139.824871
下谷警察署前,35.724749,139.788821
下谷警察署前,35.724749,139.788821
江北六丁目団地入口,35.779832,139.770009
江北六丁目団地入口,35.779832,139.770009
御徒町駅前,35.707817,139.775583
御徒町駅前,35.707817,139.775583
元浅草三丁目,35.706838,139.784574
元浅草三丁目,35.706838,139.784574
三園一丁目西,35.788076,139.638856
三園一丁目西,35.788076,139.638856
三園一丁目中央,35.788589,139.642643
三園一丁目中央,35.788589,139.642643
後楽園,35.703468,139.755341
後楽園,35.703468,139.755341
笹目橋,35.793581,139.64355
笹目橋,35.793581,139.64355
恵比寿橋,35.648551,139.715633
恵比寿橋,35.648551,139.715633
広尾病院前,35.647926,139.72233
広尾病院前,35.647926,139.72233
広尾五丁目,35.648207,139.721091
広尾五丁目,35.648207,139.721091
三園南,35.786731,139.64378
区立美術館,35.784771,139.644604
区立美術館,35.784771,139.644604
雑司ヶ谷霊園入口,35.722834,139.723207
雑司ヶ谷霊園入口,35.722834,139.723207
護国寺前,35.719992,139.726194
護国寺前,35.719992,139.726194
四谷駅,35.686398,139.730174
警視庁前,35.67764,139.752058
警視庁前,35.67764,139.752058
桜新道,35.591799,139.733481
桜新道,35.591799,139.733481
熊の木ポンプ東,35.773882,139.761497
江北区民事務所入口,35.776087,139.761087
江北コミュニティセンター入口,35.766716,139.762838
江北三丁目,35.772154,139.761755
港南大橋,35.631256,139.754061
港南大橋東詰,35.629772,139.756094
港南五丁目,35.626167,139.754164
京浜運河,35.627922,139.754293
港南大橋下,35.630269,139.754457
高輪消防署港南出張所入口,35.632226,139.755306
左門町,35.683936,139.719758
左門町,35.683936,139.719758
権田原,35.677731,139.720492
権田原,35.677731,139.720492
御殿山小学校前,35.624106,139.732512
御殿山小学校前,35.624106,139.732512
御殿山,35.623229,139.73487
御殿山,35.623229,139.73487
江南センター,35.756338,139.757353
宮城第三都住,35.75758,139.75344
宮城一丁目,35.759043,139.752329
宮城交差点,35.761446,139.754963
高輪台駅前,35.631312,139.729493
高輪台駅前,35.631312,139.729493
鮫洲運転免許試験場前,35.60422,139.745982
鮫洲運転免許試験場前,35.60422,139.745982
鹿浜五丁目団地,35.785713,139.756276
花畑区民事務所,35.803368,139.806579
花畑区民事務所,35.803368,139.806579
元渕江公園,35.791024,139.805206
元渕江公園,35.791024,139.805206
音羽一丁目,35.713521,139.730107
音羽一丁目,35.713521,139.730107
音羽二丁目,35.717834,139.727949
音羽二丁目,35.717834,139.727949
根津神社入口,35.720326,139.762908
根津神社入口,35.720326,139.762908
鹿浜六丁目,35.78476,139.761207
鹿浜六丁目,35.78476,139.761207
空港警察署前,35.555007,139.783531
向原,35.728914,139.725458
向原,35.728914,139.725458
皿沼不動,35.790477,139.764595
四号公園入口,35.809557,139.756068
四号公園入口,35.809557,139.756068
隅田川貨物駅前,35.730305,139.800611
隅田川貨物駅前,35.730305,139.800611
蒲田一丁目,35.565921,139.722457
蒲田一丁目,35.565921,139.722457
建材埠頭,35.57852,139.769517
建材埠頭,35.57852,139.769517
京急開発本社前,35.587259,139.740603
元八幡,35.669859,139.837608
元八幡,35.669859,139.837608
学校通り,35.671857,139.83197
学校通り,35.671857,139.83197
簡野学園,35.550003,139.728763
簡野学園,35.550003,139.728763
蒲田警察署前,35.558212,139.72054
雑色駅通り,35.550673,139.714234
雑色駅通り,35.550673,139.714234
蒲田本町,35.556346,139.717112
蒲田本町,35.556346,139.717112
志村小学校,35.774123,139.685423
志村小学校,35.774123,139.685423
環八高速下,35.777253,139.675476
環八高速下,35.777253,139.675476
永代橋,35.677174,139.785294
永代橋,35.677174,139.785294
佐賀一丁目,35.675561,139.789588
佐賀一丁目,35.675561,139.789588
永代二丁目,35.673616,139.792441
永代二丁目,35.673616,139.792441
江東倉庫組合前,35.626499,139.832375
江東倉庫組合前,35.626499,139.832375
江東倉庫会館前,35.62497,139.833566
江東倉庫会館前,35.62497,139.833566
港湾住宅前,35.647168,139.816849
塩崎荘前,35.662355,139.805013
下田端,35.740958,139.760773
下田端,35.740958,139.760773
国立がん研究センター前,35.663983,139.76736
国立がん研究センター前,35.663983,139.76736
志村橋,35.790559,139.685011
志村橋,35.790559,139.685011
国学院大学前,35.655432,139.711013
国学院大学前,35.655432,139.711013
広尾高校前,35.653105,139.713371
広尾高校前,35.653105,139.713371
三栄町,35.689453,139.724102
三栄町,35.689453,139.724102
江戸川区口腔保健センター入口,35.674911,139.881948
玉川高校前,35.609704,139.634416
玉川高校前,35.609704,139.634416
玉川町,35.611217,139.632133
玉川町,35.611217,139.632133
自然園下,35.634911,139.701515
自然園下,35.634911,139.701515
五本木一丁目,35.637397,139.686947
五本木一丁目,35.637397,139.686947
五本木二丁目,35.635771,139.684942
五本木二丁目,35.635771,139.684942
下馬五丁目,35.633207,139.682713
下馬五丁目,35.633207,139.682713
三軒茶屋駅,35.643691,139.672008
桜新町一丁目,35.628477,139.643788
桜新町一丁目,35.628477,139.643788
喜多見小学校,35.625379,139.60253
喜多見公園,35.624491,139.595949
喜多見一丁目,35.623508,139.598789
宇奈根一丁目,35.622514,139.606857
慈恵会医大前,35.662557,139.74952
慈恵会医大前,35.662557,139.74952
区立七中前,35.622852,139.691346
区立七中前,35.622852,139.691346
駒沢三丁目,35.634486,139.654642
駒沢三丁目,35.634486,139.654642
国士舘大学,35.649744,139.651854
国士舘大学,35.649744,139.651854
荏原病院前,35.593649,139.691957
荏原病院前,35.593649,139.691957
笹丸,35.59976,139.68769
笹丸,35.59976,139.68769
国立能楽堂,35.681126,139.708063
国立能楽堂,35.681126,139.708063
参宮橋,35.680068,139.693669
高田馬場駅,35.712941,139.704911
居木橋,35.618084,139.733353
居木橋,35.618084,139.733353
江原町二丁目,35.732232,139.66991
江原中野通,35.728729,139.677131
江原中野通,35.728729,139.677131
高輪ゲ―トウェイ駅,35.635912,139.740384
四葉二丁目,35.781394,139.652369
区立美術館入口,35.782847,139.645061
自由ヶ丘学園,35.611898,139.666749
自由ヶ丘学園,35.611898,139.666749
駒沢公園東口,35.627137,139.66469
駒沢公園東口,35.627137,139.66469
玉堤一丁目,35.594419,139.652287
玉堤一丁目,35.594419,139.652287
玉堤小学校,35.598736,139.644882
玉堤小学校,35.598736,139.644882
玉川高島屋SC西口,35.614369,139.626354
玉川温室村,35.593334,139.65456
玉川温室村,35.593334,139.65456
岡本もみじが丘,35.623223,139.619744
岡本もみじが丘,35.623223,139.619744
三角公園,35.616854,139.617402
砧本村,35.618664,139.608821
玉根橋,35.600559,139.647062
玉堤小南門,35.599004,139.647738
玉堤,35.596261,139.650352
玉堤地区会館,35.59561,139.65254
競走馬総合研究所,35.637601,139.635261
競走馬総合研究所,35.637601,139.635261
駒場リサーチキャンパス,35.664052,139.677352
鷺ノ宮駅入口,35.726154,139.639354
鷺ノ宮駅入口,35.726154,139.639354
鷺宮三丁目,35.725817,139.6413
鷺宮三丁目,35.725817,139.6413
鷺宮二丁目,35.724314,139.646654
鷺宮二丁目,35.724314,139.646654
鷺宮一丁目,35.723888,139.648871
鷺宮一丁目,35.723888,139.648871
月光原小学校前,35.6224,139.694142
月光原小学校前,35.6224,139.694142
円融寺前,35.619584,139.692921
円融寺前,35.619584,139.692921
原町交番前,35.614846,139.692777
原町交番前,35.614846,139.692777
区立九中前,35.61213,139.69341
区立九中前,35.61213,139.69341
榎北,35.6605,139.603098
榎北,35.6605,139.603098
岩戸南四丁目,35.624533,139.592547
金杉区民館下谷分館入口,35.724999,139.786476
金杉通り,35.722861,139.783478
区営内神田住宅,35.689609,139.765893
王子本町交番,35.754221,139.732626
王子アパート,35.754212,139.729831
光ストア,35.755704,139.816875
橋場老人福祉館西,35.723608,139.805998
駒込一丁目,35.735006,139.751692
旧古河庭園,35.743554,139.74646
旧古河庭園,35.743554,139.74646
花と森の東京病院,35.745156,139.743221
花と森の東京病院,35.745156,139.743221
下高井戸交番前,35.667255,139.638889
火見櫓,35.669812,139.627927
区営住宅前,35.670982,139.623708
荒玉水道端,35.669018,139.634204
三年坂,35.692258,139.63135
鎌倉街道,35.69172,139.631233
児童交通公園入口,35.688626,139.630373
児童交通公園入口,35.688626,139.630373
佼成行学園,35.689944,139.664687
佼成行学園,35.689944,139.664687
三段坂上,35.719628,139.769436
鴎外旧居跡,35.715679,139.769825
寛永寺,35.721148,139.773716
旧東京音楽学校奏楽堂,35.718271,139.773708
久我山,35.692857,139.595839
久我山四丁目,35.693747,139.592919
下通り五丁目,35.646395,139.703719
下通り五丁目,35.646395,139.703719
月光原,35.624244,139.696904
月光原,35.624244,139.696904
玉川電話局,35.616352,139.644563
玉川電話局,35.616352,139.644563
桐が谷坂上,35.618669,139.715898
桐が谷坂上,35.618669,139.715898
戸越三丁目,35.612155,139.715657
戸越三丁目,35.612155,139.715657
戸越銀座,35.614622,139.71654
戸越銀座,35.614622,139.71654
砧町東,35.640105,139.619731
砧町東,35.640105,139.619731
猿楽町,35.65154,139.702282
延命寺前,35.562224,139.694942
稲葉製作所前,35.564117,139.690258
下丸子図書館入口,35.565699,139.688896
桐ヶ丘高校,35.781881,139.706796
王子本町一丁目,35.754188,139.732671
下丸子駅入口,35.571733,139.687325
桐ヶ丘二丁目,35.781986,139.71145
砧公園緑地入口,35.62967,139.625881
砧公園緑地入口,35.62967,139.625881
玉川病院入口,35.623455,139.628006
玉川病院入口,35.623455,139.628006
五本木,35.631758,139.685996
五本木,35.631758,139.685996
鹿島神社前,35.595733,139.729733
鹿島神社前,35.595733,139.729733
九品仏駅前,35.605978,139.660751
九品仏駅前,35.605978,139.660751
高畑神社,35.542932,139.705024
柿の木坂二丁目,35.624882,139.678383
柿の木坂二丁目,35.624882,139.678383
高畑小学校,35.544905,139.707057
高畑小学校,35.544905,139.707057
奥沢七丁目,35.60651,139.658559
奥沢七丁目,35.60651,139.658559
永久橋,35.717832,139.623127
永久橋,35.717832,139.623127
開進第一小学校,35.754136,139.65806
給田境,35.672314,139.584525
給田境,35.672314,139.584525
甲州街道,35.672643,139.613343
宮が丘,35.613609,139.685968
宮が丘,35.613609,139.685968
宮元通り,35.559302,139.705715
宮元通り,35.559302,139.705715
高井戸東二丁目,35.679491,139.614663
高井戸東二丁目,35.679491,139.614663
奥沢二丁目,35.605277,139.674987
奥沢二丁目,35.605277,139.674987
高井戸東三丁目,35.685861,139.616153
高井戸東三丁目,35.685861,139.616153
羽沢三丁目,35.749162,139.670739
羽沢三丁目,35.749162,139.670739
開進第一中学校入口,35.752573,139.661523
開進第一中学校入口,35.752573,139.661523
師団坂通り,35.783968,139.714204
師団坂通り,35.783968,139.714204
奥沢駅通り,35.599913,139.673065
奥沢駅通り,35.599913,139.673065
桐ヶ丘一丁目,35.77914,139.707869
桐ヶ丘一丁目,35.77914,139.707869
奥沢駅北口,35.604106,139.671835
奥沢駅北口,35.604106,139.671835
奥沢駅南口,35.602833,139.672147
奥沢駅南口,35.602833,139.672147
丸子橋,35.586888,139.67342
丸子橋,35.586888,139.67342
七軒町,35.679803,139.858389
七軒町,35.679803,139.858389
七辻通り,35.551186,139.722246
七辻通り,35.551186,139.722246
小泉橋,35.753956,139.579503
小泉橋,35.753956,139.579503
実践女子学園前,35.656747,139.710757
若潮橋,35.616669,139.753536
若潮橋,35.616669,139.753536
室町二丁目,35.686654,139.774899
小伝馬町駅,35.691209,139.77904
宗源寺,35.669867,139.630048
昭和大学附属烏山病院,35.672801,139.594547
昭和大学附属烏山病院,35.672801,139.594547
松本児童遊園前,35.715933,139.878427
松本児童遊園前,35.715933,139.878427
小島,35.674087,139.853114
小島,35.674087,139.853114
上一色コミュニティセンター前,35.725349,139.872192
上一色コミュニティセンター前,35.725349,139.872192
上一色,35.724208,139.870168
上一色,35.724208,139.870168
小岩高校入口,35.722538,139.867961
小岩高校入口,35.722538,139.867961
初台駅,35.680531,139.686723
渋谷区役所前,35.664104,139.699136
実相寺前,35.64412,139.618618
実相寺前,35.64412,139.618618
舎人公園前,35.794343,139.769964
舎人公園前,35.794343,139.769964
小松川三丁目アパート前,35.697239,139.848367
春江町五丁目,35.678556,139.872357
春江町五丁目,35.678556,139.872357
芝浦中央公園運動場,35.635252,139.746799
芝浦中央公園運動場,35.635252,139.746799
小石川二丁目,35.712439,139.75139
小石川二丁目,35.712439,139.75139
小石川三丁目,35.715276,139.747925
小石川三丁目,35.715276,139.747925
芝浦アイランド,35.640929,139.752216
芝浦アイランド,35.640929,139.752216
芝浦ふ頭南,35.639435,139.755282
小菅三丁目,35.755341,139.821946
小菅薬局,35.754811,139.817703
芝三丁目,35.651023,139.747352
芝三丁目北,35.652839,139.74694
芝三丁目南,35.650238,139.746618
芝三丁目西,35.651265,139.745079
上原小学校,35.665664,139.679249
上原二丁目南,35.664057,139.679938
松濤美術館入口,35.65872,139.693007
松原児童遊園,35.756586,139.816641
女子聖学院,35.741714,139.751557
出雲小学校,35.550356,139.724399
出雲小学校,35.550356,139.724399
昭和大学江東豊洲病院前,35.651689,139.796674
芝一丁目,35.650731,139.753933
芝一丁目,35.650731,139.753933
芝四丁目,35.649461,139.751465
芝四丁目,35.649461,139.751465
上高井戸一丁目,35.671922,139.61121
昌平童夢館入口,35.70179,139.769426
舎人団地東,35.812786,139.763627
舎人団地東,35.812786,139.763627
舎人一号公園,35.807556,139.753839
舎人一号公園,35.807556,139.753839
渋谷4丁目,35.658316,139.713112
渋谷図書館入口,35.655428,139.710361
舎人公園東,35.795778,139.774651
舎人公園東,35.795778,139.774651
小川町交差点,35.695204,139.766566
若宮一丁目,35.716735,139.649921
勝楽堂病院前,35.753027,139.797564
勝どき五丁目,35.656617,139.77131
勝どき橋西,35.66397,139.774255
小山台高校入口,35.621589,139.700446
小山台高校入口,35.621589,139.700446
小山三丁目,35.617985,139.705169
小山三丁目,35.617985,139.705169
勝島一丁目,35.600129,139.744334
勝島一丁目,35.600129,139.744334
勝島,35.598973,139.742787
勝島,35.598973,139.742787
小島社会教育館,35.703772,139.781619
若宮三丁目アパート,35.721365,139.640113
小台二丁目北,35.759111,139.758962
小台町民会館,35.75856,139.761317
小台一丁目,35.756969,139.762256
若宮二丁目,35.716546,139.643199
祝橋,35.669141,139.770084
祝橋南,35.668871,139.769596
昭和島入口,35.575983,139.745716
渋谷インフォスタワー,35.655166,139.701184
松庵三丁目北,35.701493,139.593258
松ノ木住宅,35.688709,139.641729
松ノ木住宅,35.688709,139.641729
松ノ木公園,35.690971,139.641501
松ノ木公園,35.690971,139.641501
松ノ木二丁目,35.692319,139.641753
松ノ木二丁目,35.692319,139.641753
小松川第二保育園前,35.696951,139.851064
小松川さくらホール前,35.696526,139.849313
守屋図書館,35.634077,139.690274
守屋図書館,35.634077,139.690274
鐘ヶ淵駅,35.732464,139.820532
上根岸,35.724469,139.778918
上根岸,35.724469,139.778918
松江四中通り,35.695184,139.875049
松江四中通り,35.695184,139.875049
若林折返所,35.650184,139.663112
若林,35.650074,139.661449
若林,35.650074,139.661449
松江第四中学校前,35.697151,139.876605
松江第四中学校前,35.697151,139.876605
松蔭学園前,35.663965,139.675245
松蔭学園前,35.663965,139.675245
春江団地前,35.701942,139.893393
春江団地前,35.701942,139.893393
篠崎町七丁目,35.70305,139.901875
篠崎町七丁目,35.70305,139.901875
小岩郵便局,35.728305,139.886966
小岩郵便局,35.728305,139.886966
小岩消防署,35.707959,139.895584
小岩消防署,35.707959,139.895584
春慶寺前,35.709065,139.811467
勝海舟生誕之地・吉良邸跡入口,35.692878,139.795582
昭和町三丁目,35.74918,139.751126
昭和町三丁目,35.74918,139.751126
勝どきBRT,35.657192,139.773202
勝どきBRT,35.657192,139.773202
小学校通り,35.657892,139.87623
小学校通り,35.657892,139.87623
松江コミュニティ会館前,35.690862,139.87184
松江コミュニティ会館前,35.690862,139.87184
若林陸橋北口,35.651957,139.660165
若林陸橋北口,35.651957,139.660165
上の根橋,35.750858,139.681957
上の根橋,35.750858,139.681957
小合保育園,35.775854,139.862851
商店街入口,35.775251,139.86031
春日町図書館,35.752303,139.638137
春日町図書館,35.752303,139.638137
春日町三丁目,35.750146,139.644349
春日町三丁目,35.750146,139.644349
芝浦埠頭,35.639855,139.756802
芝浦埠頭,35.639855,139.756802
曙橋,35.692057,139.720894
曙橋,35.692057,139.720894
柴又帝釈天,35.757363,139.876352
柴又帝釈天,35.757363,139.876352
柴又六丁目,35.755117,139.877098
柴又六丁目,35.755117,139.877098
柴又小学校,35.753106,139.877839
柴又小学校,35.753106,139.877839
若木小学校,35.76931,139.676273
若木小学校,35.76931,139.676273
若木三丁目,35.772759,139.676857
若木三丁目,35.772759,139.676857
春日町一丁目西,35.749403,139.646581
春日町一丁目西,35.749403,139.646581
松浦の鐘,35.779973,139.873802
篠崎七丁目,35.703335,139.900543
篠崎七丁目,35.703335,139.900543
春日町六丁目,35.753687,139.634076
春日町六丁目,35.753687,139.634076
若宮公園入口,35.702707,139.80225
松林寺,35.685841,139.620777
松林寺,35.685841,139.620777
渋谷神宮前郵便局,35.672832,139.709299
渋谷神宮前郵便局,35.672832,139.709299
小石川後楽園入口,35.704574,139.747563
春日後楽園皮フ科,35.710755,139.753156
小石川税務署,35.706722,139.747624
春日町青少年館前,35.753222,139.638473
春日町青少年館前,35.753222,139.638473
室町三丁目,35.688755,139.773816
室町三丁目,35.688755,139.773816
小茂根中央,35.751454,139.680604
小茂根中央,35.751454,139.680604
春江町三丁目,35.691228,139.889281
春江町三丁目,35.691228,139.889281
小台,35.749841,139.762251
小台,35.749841,139.762251
小台橋,35.755769,139.762785
小台橋,35.755769,139.762785
篠崎町一丁目,35.709152,139.906846
篠崎町一丁目,35.709152,139.906846
小茂根五丁目,35.752216,139.677469
小茂根三丁目,35.752176,139.678571
上高井戸四丁目,35.685038,139.62409
上高井戸四丁目,35.685038,139.62409
上井草保健センター,35.71894,139.601716
上井草スポーツセンター,35.722057,139.601408
若洲キャンプ場前,35.619526,139.834501
小日向二丁目,35.714449,139.734042
小日向台町小学校,35.712877,139.734455
沼袋駅,35.719531,139.663396
若洲中央,35.627507,139.831077
若洲中央,35.627507,139.831077
若洲ゴルフリンクス前,35.629868,139.835952
若洲ゴルフリンクス前,35.629868,139.835952
上高井戸,35.688061,139.618263
上高井戸,35.688061,139.618263
昭和小学校,35.731639,139.749749
松庵東,35.695494,139.598035
松庵東,35.695494,139.598035
松庵町,35.697811,139.591721
松庵町,35.697811,139.591721
小石川一丁目,35.714061,139.749671
順天堂練馬病院,35.742439,139.615315
上水公園,35.671201,139.62418
上石神井二丁目,35.729564,139.596308
上石神井二丁目,35.729564,139.596308
上石神井アパート,35.731714,139.583346
上石神井アパート,35.731714,139.583346
上祖パンダ公園南,35.652399,139.602033
上町駅,35.642778,139.646784
新小岩公園,35.716734,139.853644
新小岩公園,35.716734,139.853644
新柴又駅,35.751034,139.879118
新柴又駅,35.751034,139.879118
上北沢五丁目,35.674324,139.613813
上北沢五丁目,35.674324,139.613813
常盤台四丁目,35.765101,139.679024
常盤台四丁目,35.765101,139.679024
新宿六丁目,35.774629,139.862094
新宿六丁目南,35.770994,139.865181
新宿六丁目南,35.770994,139.865181
城北中央公園,35.753718,139.670439
城北中央公園,35.753718,139.670439
新宿交通公園入口,35.761839,139.864601
新宿交通公園入口,35.761839,139.864601
上板橋二丁目,35.762054,139.670914
上板橋二丁目,35.762054,139.670914
新皆面橋,35.709451,139.900777
新皆面橋,35.709451,139.900777
新田縁通り,35.688958,139.606267
城南島二丁目,35.581136,139.77486
城南島工業,35.580852,139.778382
城南島四丁目,35.580243,139.782737
新大宮バイパス西,35.768731,139.650979
上板橋一丁目,35.759986,139.67837
上板橋一丁目,35.759986,139.67837
上板橋駅,35.763617,139.676871
新大橋,35.687867,139.794782
新大橋,35.687867,139.794782
新田土手通り,35.769184,139.752519
新田土手通り,35.769184,139.752519
新小岩四丁目,35.720204,139.867258
新小岩四丁目,35.720204,139.867258
上北沢駅入口,35.670068,139.626149
新蒲田三丁目,35.556109,139.706748
新蒲田三丁目,35.556109,139.706748
新蒲田二丁目,35.560141,139.705254
新蒲田二丁目,35.560141,139.705254
信濃町駅前,35.681515,139.719287
信濃町駅前,35.681515,139.719287
信濃町駅南口,35.679533,139.719576
信濃町駅南口,35.679533,139.719576
上野桜木会館,35.719772,139.770746
新宿スポーツセンター入口,35.708859,139.706021
新宿スポーツセンター入口,35.708859,139.706021
新宿一丁目北,35.691378,139.710646
新宿一丁目北,35.691378,139.710646
新宿小学校南,35.762441,139.857206
新宿一里塚,35.760435,139.858699
新御茶ノ水駅,35.697086,139.765354
新宿ワシントンホテル新館,35.686367,139.693647
上野動物園池之端門前,35.714434,139.76798
城東特別支援学校前,35.692093,139.834909
城東特別支援学校前,35.692093,139.834909
新大塚公園,35.716644,139.73409
新橋通り,35.696175,139.674106
新橋通り,35.696175,139.674106
新四ツ木橋,35.728273,139.826784
上野毛まちづくりセンター,35.613293,139.640463
上野毛まちづくりセンター,35.613293,139.640463
新港南橋,35.631061,139.746965
新港南橋,35.631061,139.746965
新宿駅西口中央通り,35.691351,139.697679
上落合二丁目,35.713095,139.686105
上落合二丁目,35.713095,139.686105
新橋区民施設,35.647766,139.716419
乗泉寺,35.653115,139.701408
新高円寺,35.697929,139.648375
新高円寺,35.697929,139.648375
浄風園前,35.726601,139.662498
浄風園前,35.726601,139.662498
新三河島駅前,35.737702,139.773551
新三河島駅前,35.737702,139.773551
神田美土代町,35.692467,139.765692
水道道路東,35.695206,139.597391
新木場三丁目,35.634681,139.834677
新木場南,35.632959,139.829143
新木場二丁目,35.637427,139.823086
新木場埠頭公園前,35.641674,139.823864
新木場東,35.644431,139.835785
新木場一丁目,35.645299,139.832071
清水山の森,35.764102,139.60823
清水山の森,35.764102,139.60823
森鴎外住居跡,35.714606,139.811754
森鴎外住居跡,35.714606,139.811754
新豊沢橋,35.647748,139.72049
新田東,35.770511,139.745759
新田東,35.770511,139.745759
神田錦町三丁目,35.692868,139.762162
神田練塀町,35.701133,139.774326
新富町,35.672135,139.773869
新富町,35.672135,139.773869
晴海BRTターミナル,35.656952,139.785814
人形町駅,35.684611,139.782669
水道横丁,35.671841,139.652004
水道横丁,35.671841,139.652004
水道二丁目,35.710907,139.739771
成増駅前,35.77594,139.633003
新富区民館,35.67359,139.774267
清川清掃車庫前,35.728059,139.805162
神田橋,35.688462,139.764255
神田橋,35.688462,139.764255
深川暁橋南,35.658424,139.814816
水車橋,35.629102,139.677721
水車橋,35.629102,139.677721
成城七丁目,35.647671,139.599455
成城九丁目,35.650235,139.599633
晴海区民館,35.656818,139.784461
清川清掃車庫,35.727697,139.805064
晴月橋南,35.658077,139.784122
新島橋南,35.65639,139.773069
聖路加病院前,35.666952,139.777673
聖路加病院前,35.666952,139.777673
西綾瀬三丁目,35.763886,139.818353
西綾瀬三丁目,35.763886,139.818353
西綾瀬二丁目,35.763569,139.814233
西綾瀬二丁目,35.763569,139.814233
成育医療研究センター,35.634122,139.612474
新堀一丁目,35.702277,139.887619
新堀一丁目,35.702277,139.887619
杉並希望の家,35.690766,139.6026
瑞江斎場,35.694411,139.890783
瑞江斎場,35.694411,139.890783
人見街道,35.688144,139.605963
水元中学校,35.782369,139.866042
水元中学校,35.782369,139.866042
神保町,35.694904,139.758465
神保町,35.694904,139.758465
水元社会教育館いこいの家入口,35.778173,139.854999
神保町二丁目,35.697057,139.757774
神保町二丁目,35.697057,139.757774
水上音楽堂前,35.709474,139.770499
神田富山町,35.693734,139.773023
神田駅前,35.691801,139.771532
神田駅前,35.691801,139.771532
須田町,35.695105,139.770186
須田町,35.695105,139.770186
生涯学習センター南,35.716409,139.788995
水元二丁目,35.785161,139.855701
水元二丁目,35.785161,139.855701
水元総合スポーツセンター入口,35.781316,139.860589
水元総合スポーツセンター入口,35.781316,139.860589
水元三丁目,35.78042,139.862615
水元三丁目,35.78042,139.862615
水元五丁目,35.79201,139.859846
水元五丁目,35.79201,139.859846
水元そよかぜ園,35.789814,139.86296
水元そよかぜ園,35.789814,139.86296
水元小学校,35.788113,139.864573
水元小学校,35.788113,139.864573
水元四丁目,35.785722,139.865216
水元四丁目,35.785722,139.865216
正見寺,35.709665,139.681629
正見寺,35.709665,139.681629
深沢坂下,35.619072,139.653186
深沢坂下,35.619072,139.653186
神宮前三丁目,35.67189,139.712571
神宮前三丁目,35.67189,139.712571
神宮前小学校,35.668049,139.706767
神宮前小学校,35.668049,139.706767
森下五丁目,35.685279,139.806193
森下五丁目,35.685279,139.806193
西伊興三丁目,35.795667,139.777786
西伊興三丁目,35.795667,139.777786
深沢高校,35.623228,139.645801
深沢高校,35.623228,139.645801
深沢中学入口,35.62568,139.643777
深沢中学入口,35.62568,139.643777
清正公前,35.640209,139.731415
清正公前,35.640209,139.731415
清水公園入口,35.62557,139.691565
清水公園入口,35.62557,139.691565
親水緑道,35.812733,139.767486
親水緑道,35.812733,139.767486
整備場,35.554836,139.754131
成田西子供園前,35.690483,139.63053
成田西子供園前,35.690483,139.63053
杉並税務署,35.696179,139.635226
杉並税務署,35.696179,139.635226
深沢区民センター,35.620179,139.653541
新堀二丁目,35.706038,139.891909
新堀二丁目,35.706038,139.891909
清明学園下,35.592049,139.686201
清明学園下,35.592049,139.686201
晴海二丁目北,35.656904,139.786463
聖母病院,35.720074,139.694703
聖母病院,35.720074,139.694703
世田谷警察署前,35.640026,139.666108
神保町交番前,35.694807,139.75819
水産試験場跡,35.78028,139.8786
水神,35.806196,139.801589
水神,35.806196,139.801589
清澄一丁目,35.681742,139.795102
清澄一丁目,35.681742,139.795102
清洲橋,35.684099,139.789403
清洲橋,35.684099,139.789403
成増厚生病院,35.788498,139.640422
成増厚生病院,35.788498,139.640422
人形町三丁目,35.686777,139.781743
瑞光橋公園,35.733868,139.808029
瑞光橋公園,35.733868,139.808029
新浜川橋,35.596852,139.742113
新浜川橋,35.596852,139.742113
水元公園内溜,35.780948,139.867627
西一之江二丁目,35.702809,139.879207
西一之江二丁目,35.702809,139.879207
西荻南,35.702497,139.599921
西荻南四丁目,35.700832,139.603511
西荻マイロード入口,35.703932,139.602999
西荻南三丁目,35.702618,139.602942
西烏山,35.668614,139.596855
西烏山,35.668614,139.596855
西荻北郵便局前,35.707874,139.593558
西亀有三丁目,35.76148,139.838159
西亀有三丁目,35.76148,139.838159
西亀有小学校,35.759549,139.834438
西亀有小学校,35.759549,139.834438
西葛西六丁目,35.66155,139.863436
西葛西六丁目,35.66155,139.863436
西貨物,35.557608,139.779656
西荻窪駅南口,35.703037,139.600268
西郷橋,35.651081,139.696617
西戸山公園野球場,35.707152,139.700149
西戸山公園野球場,35.707152,139.700149
西新井本町二丁目,35.777812,139.774252
西新井本町二丁目,35.777812,139.774252
西新井大師参道入口,35.777997,139.777806
西新井大師参道入口,35.777997,139.777806
西小岩一丁目,35.731005,139.876732
西小岩二丁目,35.734308,139.875121
太平一丁目,35.70107,139.810178
太平一丁目,35.70107,139.810178
東池袋四丁目,35.725679,139.719754
東池袋四丁目,35.725679,139.719754
太平二丁目,35.701184,139.812282
太平二丁目,35.701184,139.812282
石原四丁目,35.700846,139.806869
石原四丁目,35.700846,139.806869
船堀三丁目,35.680381,139.866408
船堀三丁目,35.680381,139.866408
西尾久四丁目,35.745053,139.758724
西尾久四丁目,35.745053,139.758724
田端新町二丁目,35.740805,139.766219
田端新町二丁目,35.740805,139.766219
東浅草一丁目,35.721829,139.799555
東浅草一丁目,35.721829,139.799555
浅草六丁目,35.716957,139.799067
浅草六丁目,35.716957,139.799067
浅草雷門南,35.709567,139.796284
第二葛西小学校前,35.661528,139.878617
第二葛西小学校入口,35.659832,139.877329
東葛西六丁目,35.659447,139.879942
東葛西六丁目,35.659447,139.879942
東葛西七丁目,35.657828,139.881362
東葛西七丁目,35.657828,139.881362
東葛西八丁目,35.65592,139.88106
東葛西八丁目,35.65592,139.88106
東葛西九丁目,35.65258,139.880466
東葛西九丁目,35.65258,139.880466
仲町東組,35.656922,139.880017
仲町東組,35.656922,139.880017
東葛西三丁目,35.668656,139.883584
東葛西三丁目,35.668656,139.883584
都議会議事堂,35.689802,139.693513
都庁第二本庁舎,35.688879,139.692056
東上野一丁目,35.7074,139.77936
東上野一丁目,35.7074,139.77936
都庁第一本庁舎,35.690214,139.691504
石原二丁目,35.700505,139.800427
石原二丁目,35.700505,139.800427
大塚四丁目,35.724274,139.730824
大塚四丁目,35.724274,139.730824
第二公園,35.660462,139.791822
赤坂アークヒルズ,35.667534,139.740141
椎名町駅南口,35.725368,139.695248
椎名町駅南口,35.725368,139.695248
椎名町駅北口,35.727266,139.69651
椎名町駅北口,35.727266,139.69651
冬木,35.675384,139.803343
冬木,35.675384,139.803343
潮見一丁目,35.656206,139.810392
潮見一丁目,35.656206,139.810392
東陽七丁目,35.675981,139.819302
東陽七丁目,35.675981,139.819302
東砂団地,35.68463,139.843076
東砂団地,35.68463,139.843076
大和区民活動センター,35.713538,139.648718
早稲田大学中野国際コミュニティプラザ,35.708285,139.658846
大島二丁目,35.689106,139.821876
大島二丁目,35.689106,139.821876
東砂一丁目,35.68452,139.840586
東砂一丁目,35.68452,139.840586
築地二丁目,35.669791,139.772548
築地二丁目,35.669791,139.772548
西日暮里二丁目,35.73103,139.770089
西日暮里二丁目,35.73103,139.770089
西日暮里六丁目,35.736688,139.768283
西日暮里六丁目,35.736688,139.768283
青山陸橋下,35.664619,139.720382
青山陸橋下,35.664619,139.720382
築地駅前,35.668024,139.770606
都営飯田橋駅前,35.703945,139.746801
東京新宿メディカルセンター前,35.703202,139.742049
東京新宿メディカルセンター前,35.703202,139.742049
千歳三丁目,35.690775,139.797876
千歳三丁目,35.690775,139.797876
大崎郵便局,35.624747,139.719582
大崎郵便局,35.624747,139.719582
大崎警察署前,35.621603,139.725079
大崎警察署前,35.621603,139.725079
大崎駅,35.619481,139.729339
大崎駅,35.619481,139.729339
第一三共前,35.616682,139.735554
第一三共前,35.616682,139.735554
中村南二丁目,35.728814,139.643524
中村小学校,35.732144,139.643527
中村小学校,35.732144,139.643527
中村中学校,35.72862,139.645746
代々木上原,35.664001,139.679106
代々木上原,35.664001,139.679106
東北沢駅,35.665722,139.673494
都立家政入口,35.725366,139.642828
都立家政入口,35.725366,139.642828
中央町二丁目,35.631546,139.692097
中央町,35.630187,139.691968
中央町,35.630187,139.691968
洗足学園前,35.616166,139.692762
洗足学園前,35.616166,139.692762
洗足駅,35.610218,139.694317
西台三丁目,35.774078,139.666166
西台三丁目,35.774078,139.666166
東京女子大北,35.713389,139.588453
東京女子大北,35.713389,139.588453
早宮一丁目,35.753766,139.66004
早宮一丁目,35.753766,139.66004
仲町小学校,35.758628,139.666657
仲町小学校,35.758628,139.666657
東が丘二丁目,35.629647,139.662914
東が丘二丁目,35.629647,139.662914
東中野駅大江戸線口,35.706382,139.683772
東中野駅東口,35.706934,139.686321
東中野駅入口,35.705853,139.685835
東中野本通り,35.708694,139.687123
東中野本通り,35.708694,139.687123
東中野区民活動センター,35.709746,139.688218
東中野区民活動センター,35.709746,139.688218
東京山手メディカルセンター,35.70432,139.698199
東京山手メディカルセンター,35.70432,139.698199
西台一丁目,35.777701,139.671576
西台一丁目,35.777701,139.671576
西台都営住宅,35.772949,139.6681
西台都営住宅,35.772949,139.6681
西太子堂,35.642643,139.666277
赤塚高速下,35.784012,139.653868
中台一丁目,35.766988,139.677504
中台一丁目,35.766988,139.677504
雪谷文化センター,35.588727,139.690194
雪谷文化センター,35.588727,139.690194
雪が谷中学前,35.589717,139.689047
雪が谷中学前,35.589717,139.689047
田園調布一丁目,35.591205,139.672604
田園調布一丁目,35.591205,139.672604
田園調布坂上,35.592809,139.671481
田園調布坂上,35.592809,139.671481
調布学園前,35.59528,139.670574
調布学園前,35.59528,139.670574
田園調布二丁目,35.59691,139.669462
田園調布二丁目,35.59691,139.669462
道々橋,35.587435,139.695742
道々橋,35.587435,139.695742
池雪小学校,35.591712,139.693566
池雪小学校,35.591712,139.693566
東中,35.595519,139.69021
東中,35.595519,139.69021
洗足池,35.600261,139.690732
道々橋八幡前,35.585366,139.693833
道々橋八幡前,35.585366,139.693833
天祖神社,35.613952,139.644522
天祖神社,35.613952,139.644522
大塚山,35.633049,139.701693
大塚山,35.633049,139.701693
都立大学理学部前,35.619628,139.664324
都立大学理学部前,35.619628,139.664324
赤羽橋,35.65339,139.745192
中野工業高校,35.716473,139.658131
石神井公園駅,35.743471,139.606411
石神井公園駅,35.743471,139.606411
都市大総合グラウンド前,35.617442,139.613448
中野六丁目,35.708661,139.675421
中野六丁目,35.708661,139.675421
東中野一丁目,35.701466,139.684942
東中野一丁目,35.701466,139.684942
中野区役所入口,35.710006,139.663774
等々力商店街,35.608206,139.647164
等々力不動尊,35.603853,139.647614
東京都市大前,35.597342,139.649719
東京都市大東入口,35.597161,139.653515
等々力五丁目,35.606716,139.657284
等々力通り中央,35.608304,139.650518
東京都市大南入口,35.596449,139.648603
東京都市大南入口,35.596449,139.648603
田園調布五丁目,35.592243,139.657728
田園調布五丁目,35.592243,139.657728
多摩川グランド前,35.591735,139.661096
多摩川グランド前,35.591735,139.661096
多摩川台公園,35.587787,139.667757
多摩川台公園,35.587787,139.667757
代田四丁目,35.660223,139.659925
代田四丁目,35.660223,139.659925
西六郷三丁目,35.546848,139.707197
西六郷三丁目,35.546848,139.707197
中給田,35.669274,139.591642
中給田,35.669274,139.591642
道塚小学校,35.558155,139.706747
道塚小学校,35.558155,139.706747
西六郷一丁目,35.554395,139.706752
西六郷一丁目,35.554395,139.706752
西六郷小学校,35.552429,139.706857
西六郷小学校,35.552429,139.706857
西六郷二丁目,35.549659,139.707115
西六郷二丁目,35.549659,139.707115
中延駅前,35.605562,139.713855
中延駅前,35.605562,139.713855
多摩川大橋,35.560288,139.697283
多摩川大橋,35.560288,139.697283
唐が崎,35.628433,139.690012
唐が崎,35.628433,139.690012
代官山町,35.649821,139.702431
代官山Tサイト,35.648908,139.699218
都立第一商業高校,35.65027,139.697548
東京工科専門学校前,35.606719,139.744719
桃井第三小学校,35.705447,139.602541
天祖神社前,35.701266,139.608571
青山学院西門,35.660361,139.708981
代官山保育園・ログロード代官山,35.650612,139.705163
代官山駅,35.648602,139.703794
都立一商,35.650872,139.699197
東急大井町駅,35.607466,139.733718
東急大井町駅,35.607466,139.733718
東光寺前,35.604491,139.726714
東光寺前,35.604491,139.726714
中野三丁目,35.701952,139.665307
中野三丁目,35.701952,139.665307
西大井駅入口,35.602081,139.721786
西大井駅入口,35.602081,139.721786
特養ホームおぎくぼ紫苑,35.698003,139.625179
西田端橋,35.695346,139.623381
西田端橋,35.695346,139.623381
西蓮寺前,35.678341,139.599268
中瀬中学校,35.718857,139.619616
中瀬中学校,35.718857,139.619616
大和通り,35.700682,139.599803
長原,35.602311,139.698781
長原,35.602311,139.698781
洗足駅入口,35.608921,139.693237
洗足駅入口,35.608921,139.693237
大森日赤前,35.580492,139.718483
等々力駅入口,35.605046,139.648089
等々力駅入口,35.605046,139.648089
東京都市大北入口,35.603753,139.652532
東京都市大北入口,35.603753,139.652532
天祖神社裏,35.614398,139.646203
天祖神社裏,35.614398,139.646203
都立大学駅前,35.617702,139.676119
都立大学駅前,35.617702,139.676119
都立大学駅南口,35.616271,139.676854
都立大学駅南口,35.616271,139.676854
中根二丁目,35.615501,139.677103
中根二丁目,35.615501,139.677103
中根小学校,35.6123,139.677866
中根小学校,35.6123,139.677866
東玉川町,35.59802,139.67449
東玉川町,35.59802,139.67449
東玉川交番前,35.596672,139.675712
東玉川交番前,35.596672,139.675712
調布高校グランド前,35.595181,139.677045
調布高校グランド前,35.595181,139.677045
体育館,35.779726,139.711646
体育館,35.779726,139.711646
赤羽台高台,35.783946,139.713365
赤羽台高台,35.783946,139.713365
東京北医療センター,35.784074,139.711002
東が丘一丁目,35.628315,139.671776
東が丘一丁目,35.628315,139.671776
築地五丁目,35.663185,139.76522
代田六丁目,35.665412,139.660921
代田六丁目,35.665412,139.660921
大原町,35.669166,139.661958
大原町,35.669166,139.661958
東坂下二丁目,35.783116,139.687801
東坂下二丁目,35.783116,139.687801
千住宮元町,35.749328,139.795627
千住神社前,35.747251,139.797367
東保木間一丁目,35.789368,139.812306
東保木間一丁目,35.789368,139.812306
大井競馬場前,35.593265,139.741034
大谷橋,35.781004,139.681986
大谷橋,35.781004,139.681986
青山学院初等部前,35.657723,139.710599
青山学院初等部前,35.657723,139.710599
青山斎場,35.666714,139.724275
青山斎場,35.666714,139.724275
東品川五丁目,35.623783,139.753992
大田市場,35.579266,139.758642
大田市場北,35.584416,139.764206
東京ヘリポート前,35.63577,139.836563
東千石橋,35.64006,139.835148
大杉三丁目,35.704496,139.881179
大杉三丁目,35.704496,139.881179
大杉第二小学校前,35.706043,139.880801
大杉第二小学校前,35.706043,139.880801
大杉四丁目,35.709468,139.879981
大杉四丁目,35.709468,139.879981
大杉小学校前,35.705659,139.87365
大杉小学校前,35.705659,139.87365
同潤会,35.702633,139.87345
同潤会,35.702633,139.87345
東糀谷六丁目,35.557119,139.747678
東六郷一丁目,35.552449,139.718753
東六郷一丁目,35.552449,139.718753
東糀谷小学校,35.557222,139.745192
東糀谷小学校,35.557222,139.745192
東糀谷二丁目,35.557169,139.742011
東糀谷二丁目,35.557169,139.742011
大森警察署前,35.572606,139.733422
仲六郷一丁目,35.552917,139.715379
仲六郷一丁目,35.552917,139.715379
仲六郷三丁目,35.549226,139.713499
仲六郷三丁目,35.549226,139.713499
動物愛護センター,35.578561,139.777427
大田スタジアム,35.585909,139.751991
大森西特別出張所,35.578845,139.730362
大森西特別出張所,35.578845,139.730362
東京港野鳥公園,35.584888,139.756543
東京港野鳥公園,35.584888,139.756543
大森西二丁目,35.577523,139.727079
大森西二丁目,35.577523,139.727079
大森西四丁目,35.572883,139.724786
大森西四丁目,35.572883,139.724786
東邦大学,35.569591,139.723694
東邦大学,35.569591,139.723694
足立入谷町アパート,35.803503,139.757903
足立入谷町アパート,35.803503,139.757903
都立産業技術高専荒川キャンパス前,35.734524,139.80804
都立産業技術高専荒川キャンパス前,35.734524,139.80804
第三団地東,35.788163,139.783682
第三団地東,35.788163,139.783682
巣鴨小学校前,35.727539,139.733466
巣鴨小学校前,35.727539,139.733466
東池袋三丁目,35.730056,139.723514
東池袋三丁目,35.730056,139.723514
東池袋二丁目,35.731577,139.720688
東池袋二丁目,35.731577,139.720688
東京空港事務所前,35.553757,139.782837
東貨物,35.558485,139.780459
湯立坂下,35.721106,139.740102
湯立坂下,35.721106,139.740102
椿二丁目北,35.781203,139.760819
椿二丁目北,35.781203,139.760819
千住緑町三丁目,35.746974,139.792973
足立市場入口,35.741263,139.798536
千住大橋駅,35.742119,139.797066
千住緑町二丁目,35.745493,139.792968
大井消防署前,35.602663,139.739967
大井消防署前,35.602663,139.739967
千住大川町,35.756416,139.798823
大井水産物埠頭入口,35.594057,139.77093
大井水産物埠頭入口,35.594057,139.77093
千住柳町,35.754976,139.798305
天王洲公園前,35.619768,139.750696
東品川橋,35.615748,139.750366
東品川ゆうゆうプラザ前,35.613087,139.750099
大井シャシープール前,35.589151,139.771624
大井シャシープール前,35.589151,139.771624
東五反田三丁目,35.625122,139.730575
東五反田三丁目,35.625122,139.730575
東五反田一丁目,35.625906,139.725259
千住仲町,35.745705,139.800791
千住仲町公園,35.743754,139.800464
千寿第八小入口,35.742589,139.804834
千住関屋町,35.741135,139.804303
千住河原町,35.742949,139.799386
足立清掃工場前,35.804033,139.797014
大井水産物埠頭前,35.590881,139.773049
大井水産物埠頭前,35.590881,139.773049
千住元町,35.756704,139.792131
大川町土手下,35.757272,139.79584
島根町,35.782216,139.803156
島根町,35.782216,139.803156
椿一丁目,35.778023,139.760604
地福寺江北氷川神社前,35.770043,139.761937
竪川大橋北詰,35.695107,139.834047
竪川大橋北詰,35.695107,139.834047
大島五丁目,35.688001,139.836131
大島五丁目,35.688001,139.836131
袖ヶ浦,35.669826,139.841044
袖ヶ浦,35.669826,139.841044
第四葛西小学校前,35.659601,139.869595
第四葛西小学校前,35.659601,139.869595
西馬橋,35.697845,139.643397
西馬橋,35.697845,139.643397
西武百貨店前,35.660613,139.699155
西武百貨店前,35.660613,139.699155
足立第五中学校前,35.777295,139.777067
足立第五中学校前,35.777295,139.777067
大谷口二丁目,35.743772,139.689222
大谷口二丁目,35.743772,139.689222
赤羽橋交差点,35.655801,139.744745
赤羽橋交差点,35.655801,139.744745
池袋小学校,35.737787,139.710299
池袋小学校,35.737787,139.710299
長崎六丁目,35.733437,139.680878
長崎六丁目,35.733437,139.680878
長崎第二豊寿園前,35.734759,139.682452
長崎第二豊寿園前,35.734759,139.682452
千早高校,35.736341,139.684751
千早高校,35.736341,139.684751
千早四丁目,35.738231,139.686307
千早四丁目,35.738231,139.686307
西池袋通り,35.728387,139.700305
西池袋通り,35.728387,139.700305
青海二丁目,35.61816,139.781731
青海二丁目,35.61816,139.781731
大杉東小学校前,35.699868,139.878146
大杉東小学校前,35.699868,139.878146
中川大橋,35.756534,139.853953
中川大橋,35.756534,139.853953
西瑞江一丁目,35.701806,139.895646
西瑞江一丁目,35.701806,139.895646
田柄五丁目,35.759285,139.633521
田柄五丁目,35.759285,139.633521
田柄町,35.75959,139.636077
田柄町,35.75959,139.636077
東田端一丁目,35.738079,139.763842
東田端一丁目,35.738079,139.763842
田端新町,35.738875,139.765691
田端新町,35.738875,139.765691
都立大荒川キャンパス前,35.749446,139.772868
都立大荒川キャンパス前,35.749446,139.772868
東新町一丁目,35.757938,139.683021
東新町一丁目,35.757938,139.683021
田柄中学校,35.760082,139.641463
田柄中学校,35.760082,139.641463
田柄一丁目,35.759459,139.648126
田柄一丁目,35.759459,139.648126
東尾久六丁目,35.749499,139.774753
東尾久六丁目,35.749499,139.774753
東向島六丁目,35.727444,139.823896
東向島六丁目,35.727444,139.823896
巣鴨駅前,35.734082,139.738232
巣鴨駅前,35.734082,139.738232
巣鴨駅南口,35.732498,139.740069
巣鴨駅南口,35.732498,139.740069
西日暮里一丁目,35.735127,139.773085
西日暮里一丁目,35.735127,139.773085
西日暮里五丁目,35.73347,139.769094
西日暮里五丁目,35.73347,139.769094
千駄木一丁目,35.724983,139.759597
千駄木一丁目,35.724983,139.759597
千住大橋,35.736196,139.796317
千住大橋,35.736196,139.796317
千住一丁目,35.747411,139.799027
千住一丁目,35.747411,139.799027
町屋駅前,35.742396,139.780382
町屋駅前,35.742396,139.780382
町屋一丁目,35.744995,139.782116
町屋一丁目,35.744995,139.782116
赤不動,35.763869,139.792689
赤不動,35.763869,139.792689
足立梅田町,35.769368,139.795664
東向島一丁目,35.720042,139.815811
東向島一丁目,35.720042,139.815811
東向島五丁目,35.725211,139.821481
東向島五丁目,35.725211,139.821481
東日暮里四丁目,35.726065,139.779004
東日暮里四丁目,35.726065,139.779004
大門小学校前,35.749546,139.777472
大門小学校前,35.749546,139.777472
東京芸術劇場,35.729921,139.707687
西台公園,35.773359,139.673702
西台公園,35.773359,139.673702
赤羽二丁目,35.782128,139.722329
赤羽二丁目,35.782128,139.722329
東日本橋駅前,35.6912,139.783942
都立新宿山吹高校前,35.707232,139.728247
都立新宿山吹高校前,35.707232,139.728247
扇橋三丁目,35.682476,139.819749
扇橋三丁目,35.682476,139.819749
千駄木五丁目,35.727481,139.75636
千駄木五丁目,35.727481,139.75636
第二辰巳小学校前,35.648891,139.809396
辰巳中央,35.651054,139.808638
辰巳一丁目北,35.652052,139.80911
西尾久一丁目,35.744984,139.763434
西尾久一丁目,35.744984,139.763434
西台交差点南,35.777862,139.674416
西台交差点南,35.777862,139.674416
中台三丁目,35.775334,139.680811
中台三丁目,35.775334,139.680811
中台二丁目,35.774659,139.683533
中台二丁目,35.774659,139.683533
西尾久二丁目,35.747099,139.762846
西尾久二丁目,35.747099,139.762846
西尾久三丁目,35.752606,139.76219
西尾久三丁目,35.752606,139.76219
東駒形三丁目,35.70616,139.804444
東駒形三丁目,35.70616,139.804444
東京都現代美術館前,35.679691,139.806641
東京都現代美術館前,35.679691,139.806641
中丸町坂下,35.743221,139.702666
大泉学園幼稚園前,35.764041,139.591046
大泉町四丁目,35.762496,139.598663
大泉町四丁目,35.762496,139.598663
大泉第一小学校,35.765336,139.599835
大泉第一小学校,35.765336,139.599835
大泉町六丁目,35.757129,139.595221
大泉中央公園,35.773548,139.599753
大泉中央公園,35.773548,139.599753
中井駅,35.716146,139.687531
中井駅,35.716146,139.687531
中落合,35.718055,139.688559
中落合,35.718055,139.688559
中落合二丁目,35.719584,139.690044
中落合二丁目,35.719584,139.690044
中落合三丁目,35.7218,139.692138
石神井公園駅北入口,35.750126,139.607764
石神井町六丁目,35.740693,139.597159
石神井町六丁目,35.740693,139.597159
仲通り,35.712726,139.611149
仲通り,35.712726,139.611149
石神井台四丁目,35.731818,139.586832
石神井台四丁目,35.731818,139.586832
石神井清掃事務所,35.730789,139.590349
石神井清掃事務所,35.730789,139.590349
早稲田高等学院南,35.729737,139.593222
早稲田高等学院南,35.729737,139.593222
石神井消防署前,35.729449,139.598236
石神井消防署前,35.729449,139.598236
石神井小学校東,35.736607,139.60194
長光寺橋公園,35.739895,139.613801
長光寺橋公園,35.739895,139.613801
石神井台七丁目,35.731544,139.580077
石神井台七丁目,35.731544,139.580077
石神井高校前,35.731279,139.570984
石神井高校前,35.731279,139.570984
谷原中学校,35.752668,139.61436
谷原中学校,35.752668,139.61436
石神井庁舎前,35.743715,139.602876
石神井庁舎前,35.743715,139.602876
石神井警察署,35.742517,139.598891
石神井警察署,35.742517,139.598891
東京高輪病院,35.629958,139.732305
東京高輪病院,35.629958,139.732305
竹芝橋,35.644421,139.753261
竹芝橋,35.644421,139.753261
青山二丁目交差点,35.672203,139.721803
青山二丁目交差点,35.672203,139.721803
青南小学校,35.662948,139.71589
青南小学校,35.662948,139.71589
青山高樹町,35.657663,139.714631
青山高樹町,35.657663,139.714631
西麻布四丁目,35.659275,139.721041
西麻布一丁目,35.660052,139.724073
赤坂五丁目交番前,35.670403,139.734074
赤坂八丁目,35.671168,139.726542
赤坂六丁目,35.668383,139.732894
赤羽橋南,35.653558,139.745804
石神井高校北,35.731525,139.569816
石神井高校北,35.731525,139.569816
石神井台八丁目交差点西,35.735758,139.575703
石神井台八丁目交差点西,35.735758,139.575703
大泉第二小南,35.740947,139.574375
大泉第二小南,35.740947,139.574375
大泉第二小学校,35.743232,139.573566
大泉第二小学校,35.743232,139.573566
中前新田,35.744995,139.571644
中前新田,35.744995,139.571644
大泉桜学園,35.777218,139.589327
土支田地域集会所,35.76463,139.611653
土支田地域集会所,35.76463,139.611653
大泉町一丁目,35.76739,139.603716
大泉町一丁目,35.76739,139.603716
西大泉二丁目交番前,35.759842,139.576253
西大泉二丁目交番前,35.759842,139.576253
西大泉六丁目,35.761199,139.567788
西大泉五丁目,35.760411,139.566078
西大泉五丁目,35.760411,139.566078
大泉特別支援学校,35.775908,139.59241
田柄高校,35.762821,139.635363
田柄高校,35.762821,139.635363
谷原小学校,35.74932,139.614721
谷原小学校,35.74932,139.614721
築地本願寺,35.666541,139.773461
朝潮橋南,35.659993,139.785381
築地社会教育会館,35.666605,139.768437
築地場外市場前,35.666105,139.769821
東洋学園大学前,35.704487,139.757678
東京しごとセンター,35.700001,139.750895
地下鉄飯田橋駅東口,35.701932,139.746155
専大前交差点,35.694659,139.755924
湯島二丁目,35.705441,139.76419
台東三丁目,35.705256,139.779822
台東地区センター,35.701497,139.779366
東都文京病院入口,35.704644,139.767141
大宮八幡前,35.682436,139.643203
大宮八幡前,35.682436,139.643203
都立和田堀公園,35.684613,139.642575
都立和田堀公園,35.684613,139.642575
湯島総合センター,35.704182,139.764195
浅草橋駅北,35.698889,139.784422
浅草菊水通り,35.711679,139.791672
西浅草,35.712179,139.789097
太子堂,35.647672,139.668907
太子堂,35.647672,139.668907
東部地域病院前,35.766159,139.845811
東部地域病院前,35.766159,139.845811
第七中学校,35.773366,139.786792
第七中学校,35.773366,139.786792
東和病院前,35.773071,139.843228
東和病院前,35.773071,139.843228
徳耀会心療内科クリニック入口,35.772239,139.833999
徳耀会心療内科クリニック入口,35.772239,139.833999
東和郵便局前,35.772594,139.841026
東和郵便局前,35.772594,139.841026
扇一丁目,35.764909,139.774303
扇一丁目,35.764909,139.774303
扇三丁目アパート,35.769699,139.773976
扇三丁目アパート,35.769699,139.773976
代田一丁目,35.654038,139.663247
代田一丁目,35.654038,139.663247
代沢四丁目,35.653747,139.669981
代沢四丁目,35.653747,139.669981
足立三丁目,35.76425,139.810709
足立三丁目,35.76425,139.810709
青井ふれあい公園,35.772191,139.810639
青井ふれあい公園,35.772191,139.810639
滝野川信用金庫,35.770703,139.811664
滝野川信用金庫,35.770703,139.811664
足立四丁目,35.76691,139.806128
第十一中学校,35.770324,139.81433
第十一中学校,35.770324,139.81433
中洲,35.682835,139.790139
祖師谷商店街西,35.643002,139.606052
祖師谷六丁目三叉路,35.652327,139.603641
祖師谷五丁目北,35.653485,139.606369
塚戸南,35.6536,139.608688
千歳台五丁目,35.655424,139.612636
大東学園,35.658574,139.618422
船橋希望中学校北,35.6566,139.618722
船橋交番,35.656465,139.623161
船橋交番,35.656465,139.623161
船橋まちづくりセンター,35.653662,139.621893
船橋まちづくりセンター,35.653662,139.621893
船橋地区会館,35.651906,139.620484
船橋地区会館,35.651906,139.620484
祖師谷商店街,35.645399,139.608608
祖師谷まちづくりセンター,35.646976,139.608447
祖師谷五丁目南,35.651065,139.608397
中之台小学校,35.764459,139.841868
中之台小学校,35.764459,139.841868
大正小学校前,35.7212,139.787798
台東保健所,35.713797,139.781394
中幡小学校,35.680993,139.674761
浅草消防署,35.707162,139.793721
代々木中学入口,35.674792,139.684715
代々木中学入口,35.674792,139.684715
代々木公園,35.668204,139.697933
代々木公園,35.668204,139.697933
代々木一丁目,35.682216,139.699226
代々木区民会館,35.682075,139.694988
千駄ヶ谷駅,35.680694,139.711187
千駄ヶ谷駅,35.680694,139.711187
千駄ヶ谷社会教育館,35.677995,139.71025
千駄ヶ谷社会教育館,35.677995,139.71025
代々木駅,35.682243,139.702015
天神森橋,35.62167,139.609393
大道南,35.680294,139.628401
善福寺川緑地,35.695069,139.632445
善福寺川緑地,35.695069,139.632445
中杉通り,35.703033,139.636502
中杉通り,35.703033,139.636502
鍛冶町一丁目,35.691132,139.773146
田端三丁目,35.735333,139.754094
田端区民センター,35.734303,139.756838
田端二丁目,35.735854,139.759292
田端五丁目,35.738566,139.757831
中里保育園,35.741314,139.752624
滝野川会館,35.742938,139.747472
東武線小菅駅,35.758193,139.813519
東浅草二丁目,35.725576,139.799801
大正小学校,35.72125,139.786916
東京国立博物館,35.717163,139.776006
善光寺坂上,35.720024,139.768326
池之端四丁目,35.718534,139.768669
谷中小学校,35.724009,139.765979
谷中清水町公園,35.720016,139.769615
特養ホーム谷中入口,35.724377,139.7647
谷中銀座・よみせ通り,35.72653,139.764466
千束小学校前,35.720172,139.793796
浅草寺北,35.71613,139.797744
浅草松屋西,35.712358,139.79794
千歳烏山駅南口,35.667032,139.601943
東小岩一丁目,35.722402,139.889976
東小岩一丁目,35.722402,139.889976
谷河内テニスコート,35.700277,139.898671
谷河内テニスコート,35.700277,139.898671
前沼橋,35.710823,139.891738
前沼橋,35.710823,139.891738
青砥駅東交差点,35.74904,139.857577
青砥駅東交差点,35.74904,139.857577
中央森林公園前,35.713599,139.870034
中央森林公園前,35.713599,139.870034
大杉一丁目,35.707559,139.874978
大杉一丁目,35.707559,139.874978
第一広場,35.70438,139.903566
谷河内一丁目,35.703196,139.896379
谷河内一丁目,35.703196,139.896379
都庁本庁舎,35.688706,139.692394
大泉学園町五丁目,35.766473,139.580738
西大泉市民農園,35.76254,139.577439
土支田地蔵,35.762393,139.612054
大泉学園町体育館西,35.765888,139.58247
大泉学園町福祉園入口,35.76354,139.581616
西大泉地区区民館,35.759626,139.572562
西大泉地区区民館,35.759626,139.572562
大泉第四小学校,35.755959,139.573753
大泉第四小学校,35.755959,139.573753
東大泉四丁目,35.750719,139.581732
東大泉四丁目,35.750719,139.581732
船橋交番北,35.657356,139.623549
船橋交番北,35.657356,139.623549
船橋6丁目,35.658824,139.624219
船橋6丁目,35.658824,139.624219
船橋7丁目,35.656835,139.618746
都立新宿高校前,35.690006,139.704752
中村北一丁目,35.735368,139.647426
中村北一丁目,35.735368,139.647426
中野特別支援学校,35.684529,139.663457
川島通り,35.688249,139.67287
川島通り,35.688249,139.67287
中野新橋駅,35.692263,139.67447
中野新橋駅,35.692263,139.67447
中野新橋交差点,35.694953,139.674276
中野新橋交差点,35.694953,139.674276
大宮前五丁目,35.694468,139.600836
大宮前五丁目,35.694468,139.600836
都立西高前,35.693248,139.604113
都立西高前,35.693248,139.604113
大宮前三丁目,35.691532,139.60886
大宮前三丁目,35.691532,139.60886
大宮前一丁目,35.689883,139.613328
大宮前一丁目,35.689883,139.613328
中野富士見町駅入口,35.690333,139.664978
中野富士見町駅入口,35.690333,139.664978
浅草橋地区センター,35.699443,139.783247
台東二丁目,35.702856,139.780972
東京法務局台東出張所前,35.701738,139.777016
特養ホーム白山の郷,35.724742,139.746477
千石駅,35.7282,139.744838
千駄木小学校,35.729126,139.759705
特養ホーム千駄木の郷,35.726659,139.760689
跡見女子大西門前,35.717036,139.734117
都営小日向二丁目アパート,35.714157,139.733157
東京オペラシティ,35.683402,139.687068
東京オペラシティ,35.683402,139.687068
千住間道西,35.735577,139.787657
千住間道西,35.735577,139.787657
東金町地区センター入口,35.77791,139.879998
青砥駅入口,35.745206,139.854297
青砥駅入口,35.745206,139.854297
青戸公団,35.746943,139.853519
青戸公団,35.746943,139.853519
青戸平和公園,35.749792,139.852728
青戸平和公園,35.749792,139.852728
町屋駅,35.742724,139.782332
町屋駅,35.742724,139.782332
青戸中央憩い交流館,35.753294,139.857376
青戸中央憩い交流館,35.753294,139.857376
千寿常東小学校入口,35.746733,139.807808
千寿常東小学校入口,35.746733,139.807808
千住東町住宅,35.746362,139.810185
千住東町住宅,35.746362,139.810185
中関橋,35.721363,139.854721
中関橋,35.721363,139.854721
東上平井,35.723051,139.853052
東上平井,35.723051,139.853052
東新小岩七丁目,35.726126,139.852399
東新小岩七丁目,35.726126,139.852399
東須磨橋,35.726576,139.856324
東須磨橋,35.726576,139.856324
東新小岩八丁目,35.728104,139.85659
東新小岩八丁目,35.728104,139.85659
西水元四丁目,35.792003,139.848924
西水元四丁目,35.792003,139.848924
西水元つばさ公園,35.792976,139.847266
西水元つばさ公園,35.792976,139.847266
大場川水門,35.794518,139.847253
大堰枠・にいじゅくプレイパーク,35.766428,139.862987
大堰枠・にいじゅくプレイパーク,35.766428,139.862987
都営新宿団地,35.764663,139.863132
都営新宿団地,35.764663,139.863132
長浦神社南,35.721971,139.822198
東京都済生会向島病院入口,35.720849,139.821007
千歳三丁目西,35.690424,139.796098
石原二丁目南,35.700166,139.80246
中村病院,35.7176,139.823472
地蔵坂,35.724148,139.812805
地蔵坂,35.724148,139.812805
東あずま駅,35.706924,139.831546
南田柄,35.759888,139.645508
南田柄,35.759888,139.645508
日本橋区民センター,35.68229,139.784042
入谷駅入口,35.721561,139.784366
入谷区民館根岸分館,35.725021,139.77725
白山一丁目,35.715233,139.752244
日商岩井綾瀬マンション,35.769756,139.818316
日商岩井綾瀬マンション,35.769756,139.818316
南北線駒込駅,35.735004,139.746756
播磨坂,35.717184,139.743108
二軒家,35.785609,139.685767
日本医大病院,35.720703,139.759518
白山駅,35.721757,139.752244
馬喰横山駅,35.691791,139.783308
入谷南公園,35.718334,139.785768
入谷地区センター,35.719741,139.786077
南池袋公園,35.72794,139.715626
南西台,35.77316,139.669811
南西台,35.77316,139.669811
日本橋保健センター,35.687631,139.778189
日本医科大学付属病院下,35.720847,139.762382
南町仲通り,35.739925,139.700136
入船三丁目,35.67086,139.777696
粕谷一丁目,35.658123,139.611997
日本女子体育大学前,35.678118,139.590709
日本女子体育大学前,35.678118,139.590709
農業試験場,35.711905,139.885697
農業試験場,35.711905,139.885697
虹の家,35.710073,139.896485
虹の家,35.710073,139.896485
南小岩三丁目,35.725413,139.888873
南小岩三丁目,35.725413,139.888873
南小岩二丁目,35.720861,139.890546
南小岩二丁目,35.720861,139.890546
南篠崎三丁目,35.694041,139.90094
南篠崎三丁目,35.694041,139.90094
白髭神社入口,35.710076,139.83518
南小岩八丁目,35.734477,139.885314
南小岩八丁目,35.734477,139.885314
二丁目東,35.778596,139.859554
二丁目中央,35.778424,139.857542
二丁目西,35.777577,139.854584
南部高齢者会館,35.683257,139.661021
南千住図書館,35.737079,139.794237
南千住図書館,35.737079,139.794237
南千住野球場,35.736974,139.791844
南千住野球場,35.736974,139.791844
南千住五丁目,35.733959,139.797139
南千住五丁目,35.733959,139.797139
二ツ橋,35.663027,139.683219
二ツ橋,35.663027,139.683219
日丘橋,35.622278,139.679638
日丘橋,35.622278,139.679638
南馬込二丁目,35.590779,139.718627
馬場先門,35.67816,139.761898
馬場先門,35.67816,139.761898
日大前,35.638059,139.675009
日大前,35.638059,139.675009
日下山,35.593398,139.683388
日下山,35.593398,139.683388
梅ヶ丘駅,35.656224,139.653155
梅丘一丁目,35.652879,139.652484
馬事公苑前駐在所,35.634483,139.633549
馬事公苑前駐在所,35.634483,139.633549
南馬込三丁目,35.585616,139.719697
南平台町,35.655108,139.696443
白洋舎前,35.566123,139.684764
二葉四丁目,35.601245,139.715295
二葉四丁目,35.601245,139.715295
二葉三丁目,35.601409,139.718297
二葉三丁目,35.601409,139.718297
二葉二丁目,35.602562,139.723537
二葉二丁目,35.602562,139.723537
二葉一丁目,35.606299,139.728729
二葉一丁目,35.606299,139.728729
日向橋,35.717182,139.625277
日向橋,35.717182,139.625277
南烏山,35.665864,139.603132
粕谷区民センター入口,35.663009,139.603128
粕谷区民センター入口,35.663009,139.603128
粕谷三丁目,35.65943,139.608815
粕谷三丁目,35.65943,139.608815
柏の宮公園北,35.680343,139.627992
白桜小学校入口,35.708414,139.678448
白桜小学校入口,35.708414,139.678448
南田中一丁目,35.731404,139.61976
南大泉一丁目南,35.735235,139.574045
南大泉一丁目南,35.735235,139.574045
南大泉一丁目,35.738851,139.575361
南大泉一丁目,35.738851,139.575361
南大泉二丁目,35.734484,139.571586
南大泉二丁目,35.734484,139.571586
乃木公園,35.667371,139.72747
南青山一丁目,35.672113,139.725433
乃木坂駅入口,35.66626,139.72822
南田中アパート,35.741091,139.609356
南田中アパート,35.741091,139.609356
納戸町,35.697995,139.734066
納戸町,35.697995,139.734066
日本橋三越,35.685191,139.774549
日本橋三越,35.685191,139.774549
南葛西第二小学校前,35.649886,139.880053
南葛西第二小学校前,35.649886,139.880053
日本堤,35.725911,139.796279
日本堤,35.725911,139.796279
南葛西住宅前,35.652939,139.867433
南葛西住宅前,35.652939,139.867433
南千住六丁目,35.735174,139.795319
南千住六丁目,35.735174,139.795319
南青山五丁目,35.662729,139.711596
梅里中央公園入口,35.698054,139.640082
梅里中央公園入口,35.698054,139.640082
梅島第二小学校通り,35.765036,139.793213
梅島第二小学校通り,35.765036,139.793213
梅田町神明通り,35.76719,139.79458
梅田町神明通り,35.76719,139.79458
白鳥一丁目,35.746601,139.845835
白鳥一丁目,35.746601,139.845835
白鳥四丁目,35.748936,139.847579
白鳥四丁目,35.748936,139.847579
白河二丁目,35.682199,139.802901
白河二丁目,35.682199,139.802901
南砂一丁目,35.678819,139.824056
南砂一丁目,35.678819,139.824056
白山二丁目,35.717174,139.745132
白山二丁目,35.717174,139.745132
南蒲田二丁目,35.555251,139.720272
南蒲田二丁目,35.555251,139.720272
萩中,35.549635,139.731861
萩中,35.549635,139.731861
萩中公園前,35.549393,139.736496
萩中公園前,35.549393,139.736496
白山三丁目,35.719425,139.741776
白山三丁目,35.719425,139.741776
梅屋敷,35.567211,139.728981
梅屋敷,35.567211,139.728981
南大塚一丁目,35.725709,139.735423
南大塚一丁目,35.725709,139.735423
南砂六丁目,35.671095,139.834164
南砂六丁目,35.671095,139.834164
入谷六丁目,35.801312,139.765633
入谷六丁目,35.801312,139.765633
入谷八丁目,35.805263,139.756149
入谷八丁目,35.805263,139.756149
入谷北,35.806711,139.758793
入谷北,35.806711,139.758793
入谷九丁目,35.808834,139.758514
入谷九丁目,35.808834,139.758514
南千住八丁目,35.736375,139.807867
南千住八丁目,35.736375,139.807867
南高橋,35.673593,139.782594
南千石橋,35.632531,139.824858
南千石橋北詰,35.635765,139.823323
南品川三丁目,35.607465,139.742877
南品川三丁目,35.607465,139.742877
白金台一丁目,35.639543,139.732061
白金台一丁目,35.639543,139.732061
白金台二丁目,35.633662,139.730848
白金台二丁目,35.633662,139.730848
南品川二丁目,35.614622,139.743802
内神田一丁目,35.691409,139.764906
南砂二丁目,35.675759,139.822444
南砂二丁目,35.675759,139.822444
白鷺一丁目第4アパート,35.719434,139.638468
白鷺一丁目第3アパート,35.716511,139.640839
南砂四丁目,35.675456,139.824054
南砂四丁目,35.675456,139.824054
南葛西四丁目,35.652258,139.872932
南葛西四丁目,35.652258,139.872932
南青山二丁目,35.667486,139.718874
南青山二丁目,35.667486,139.718874
白鬚橋,35.728976,139.813732
白鬚橋,35.728976,139.813732
梅若橋コミュニティ会館前,35.735077,139.816828
南蔵院通り,35.730114,139.647439
南蔵院通り,35.730114,139.647439
南荻窪区民農園前,35.699194,139.608179
南砂四丁目住宅,35.673682,139.832179
南砂四丁目住宅,35.673682,139.832179
梅田七丁目,35.766984,139.800616
梅田七丁目,35.766984,139.800616
馬車みち,35.688129,139.600987
南荻窪三丁目,35.703213,139.60849
富士見台,35.611181,139.689786
富士見台,35.611181,139.689786
弁天池前,35.587941,139.71922
北千束二丁目,35.606661,139.695288
北千束二丁目,35.606661,139.695288
法務局杉並出張所,35.714583,139.611056
法務局杉並出張所,35.714583,139.611056
鉢山中学校東,35.652063,139.70458
鉢山中学校東,35.652063,139.70458
北葛西二丁目,35.672071,139.855633
北葛西二丁目,35.672071,139.855633
堀ノ内二丁目,35.689189,139.655246
堀ノ内二丁目,35.689189,139.655246
浜離宮前,35.664902,139.763562
平井四丁目,35.70684,139.844973
平井五丁目,35.705613,139.839026
平井都営アパート前,35.702649,139.840359
平井二丁目,35.699662,139.844715
品川銀座,35.61193,139.740134
棒茅場,35.679304,139.856418
棒茅場,35.679304,139.856418
防衛省前,35.691235,139.731236
防衛省前,35.691235,139.731236
品川埠頭岸壁入口,35.629146,139.757739
富ヶ谷一丁目,35.665924,139.692236
望星高校,35.665058,139.686672
墓地下,35.662396,139.723579
墓地下,35.662396,139.723579
北青山一丁目アパート前,35.674957,139.721971
北青山一丁目アパート前,35.674957,139.721971
埠頭通り,35.624767,139.756278
品川ふ頭橋,35.622412,139.753752
不動前駅入口,35.627188,139.714726
不動前駅入口,35.627188,139.714726
不動尊参道,35.629352,139.71096
不動尊参道,35.629352,139.71096
本郷六丁目,35.713236,139.756601
本郷六丁目,35.713236,139.756601
別荘橋,35.765601,139.606636
別荘橋,35.765601,139.606636
保谷駅入口,35.746599,139.570362
尾山町,35.602513,139.656312
尾山町,35.602513,139.656312
法務局前,35.657169,139.739052
豊沢児童遊園地,35.646767,139.71929
法務局入口,35.656054,139.73925
品川区役所入口,35.60717,139.730286
品川区役所入口,35.60717,139.730286
本村小学校入口,35.65078,139.727949
平塚二丁目,35.617117,139.71257
平塚二丁目,35.617117,139.71257
武蔵小山,35.619059,139.703764
武蔵小山,35.619059,139.703764
武蔵小山駅,35.620071,139.703671
武蔵小山駅,35.620071,139.703671
文京グリーンコート前,35.730713,139.746767
文京グリーンコート前,35.730713,139.746767
本駒込五丁目,35.733556,139.753831
本駒込四丁目,35.733232,139.757023
本駒込四丁目,35.733232,139.757023
平塚橋,35.616125,139.709902
平塚橋,35.616125,139.709902
豊玉北二丁目,35.734439,139.664188
豊玉北二丁目,35.734439,139.664188
八雲四丁目,35.623436,139.67316
北馬込一丁目,35.601368,139.705509
放射七号,35.757657,139.59433
平井操車所,35.711428,139.839583
平野町,35.7849,139.80308
平野町,35.7849,139.80308
富士公園前,35.650052,139.876161
富士公園前,35.650052,139.876161
墨田区曳舟文化センター前,35.71853,139.81859
墨田区曳舟文化センター前,35.71853,139.81859
福島橋,35.672767,139.829445
福島橋,35.672767,139.829445
半田小学校入口,35.776172,139.877639
半田小学校入口,35.776172,139.877639
北沼公園,35.737356,139.864429
平井西袋,35.712329,139.838465
平井西袋,35.712329,139.838465
墨田二丁目,35.734291,139.817725
墨田二丁目,35.734291,139.817725
堀之内北公園入口,35.776692,139.75646
平河天満宮前,35.682021,139.741914
飯田橋清掃車庫,35.701684,139.748676
北車庫入口,35.775109,139.733364
豊島橋,35.764164,139.757472
豊島橋,35.764164,139.757472
美倉橋南,35.696134,139.779902
富士見出張所,35.699475,139.746369
富士見あんず館,35.69619,139.745326
飛鳥山公園,35.750178,139.738022
飛鳥山公園,35.750178,139.738022
北里研究所前,35.644474,139.725846
北里研究所前,35.644474,139.725846
豊海運動公園入口,35.655178,139.771891
豊海町,35.653556,139.770197
本石町一丁目,35.685181,139.772809
本石町三丁目,35.687764,139.771757
堀留町一丁目,35.688392,139.780357
浜町一丁目,35.68946,139.785504
浜町三丁目,35.684931,139.789208
箱崎町,35.681214,139.788152
箱崎湊橋通り,35.680199,139.785241
浜町敬老館,35.685179,139.791526
文京小石川クリニック,35.710448,139.752796
文花二丁目,35.709288,139.828014
文花二丁目,35.709288,139.828014
八重洲通り西,35.678778,139.772334
北上野,35.717652,139.784331
幡ヶ谷保健相談所,35.679058,139.670808
本町幼稚園,35.68378,139.674923
美宿橋,35.668433,139.635922
不動跡,35.667707,139.638216
本町区民施設,35.686926,139.680594
法蓮寺,35.673171,139.864586
法蓮寺,35.673171,139.864586
豊洲一丁目公園前,35.661567,139.793432
堀留町,35.687551,139.781082
本所二丁目,35.703642,139.800648
本所二丁目,35.703642,139.800648
富士見橋エコー広場館,35.740221,139.755575
北砂一丁目,35.680712,139.822451
北砂一丁目,35.680712,139.822451
防災広場根岸の里,35.723741,139.781842
尾久駅前,35.746848,139.755402
尾久駅前,35.746848,139.755402
放水路土手下,35.761863,139.79164
放水路土手下,35.761863,139.79164
浜田山小学校,35.685542,139.629947
浜田山小学校,35.685542,139.629947
浜田山みどりの里,35.683106,139.628448
浜田山小学校南,35.684194,139.629169
堀船,35.754447,139.743701
堀船,35.754447,139.743701
本駒込二丁目,35.726858,139.7468
本駒込二丁目,35.726858,139.7468
八丁堀駅,35.673987,139.776403
尾山台三丁目,35.602909,139.656787
尾山台中学校,35.604931,139.657387
尾山台駅,35.607583,139.653599
不動下,35.602272,139.647444
碑文谷二丁目,35.621245,139.688823
碑文谷二丁目,35.621245,139.688823
碑文谷三丁目,35.619006,139.685068
碑文谷八幡前,35.617107,139.686876
附属世田谷中学校前,35.620129,139.65992
附属世田谷中学校前,35.620129,139.65992
平野一丁目,35.678754,139.798257
平野一丁目,35.678754,139.798257
福島橋南詰,35.674306,139.829494
福島橋南詰,35.674306,139.829494
覆馬場,35.636097,139.636071
覆馬場,35.636097,139.636071
八広三丁目,35.718247,139.829255
八広三丁目,35.718247,139.829255
表参道ヒルズ,35.666899,139.709248
表参道ヒルズ,35.666899,139.709248
富士神社前,35.730519,139.751396
本木町第二アパート,35.77477,139.77441
本木町第二アパート,35.77477,139.77441
北参道交差点,35.680796,139.705786
北参道交差点,35.680796,139.705786
堀切八丁目,35.757952,139.831429
堀切八丁目,35.757952,139.831429
堀切八郵便局,35.757064,139.829385
堀切八郵便局,35.757064,139.829385
八枝橋,35.658694,139.808021
八枝橋,35.658694,139.808021
八広四丁目,35.721378,139.830231
八広四丁目,35.721378,139.830231
平河町二丁目,35.681051,139.738377
平河町二丁目,35.681051,139.738377
浜町二丁目,35.686304,139.789903
浜町二丁目,35.686304,139.789903
豊玉北四丁目,35.735597,139.659569
豊玉北四丁目,35.735597,139.659569
尾久橋,35.749811,139.769511
尾久橋,35.749811,139.769511
豊玉中一丁目,35.728654,139.661462
豊玉中一丁目,35.728654,139.661462
北町三丁目西,35.768504,139.649209
北町消防出張所,35.768687,139.653635
平和台一丁目,35.759455,139.662605
平和台一丁目,35.759455,139.662605
平和台四丁目,35.757609,139.659718
平和台四丁目,35.757609,139.659718
北町三丁目東,35.768754,139.655661
富士見台小学校,35.763118,139.692647
富士見台小学校,35.763118,139.692647
北豊島工業高校,35.76262,139.698191
北豊島工業高校,35.76262,139.698191
北町一丁目東,35.764688,139.669537
北町一丁目中央,35.765406,139.668014
板橋高校入口,35.741934,139.688159
板橋高校入口,35.741934,139.688159
氷川台福祉園,35.756326,139.667767
氷川台福祉園,35.756326,139.667767
北町中学校,35.766546,139.657449
板橋第五小学校,35.74212,139.704173
氷川台駅西,35.750838,139.663688
氷川台駅西,35.750838,139.663688
北団地,35.78266,139.709473
北高井戸,35.686946,139.621299
北高井戸,35.686946,139.621299
北野水無,35.680496,139.588188
北野水無,35.680496,139.588188
北烏山九丁目屋敷林,35.671488,139.596481
北烏山九丁目屋敷林,35.671488,139.596481
本田東公園東,35.703722,139.5945
本郷花街道,35.709307,139.904891
平井駅入口,35.707401,139.840976
平井駅入口,35.707401,139.840976
法恩寺入口,35.701729,139.813189
本所防災館入口,35.705106,139.816252
本所吾妻橋駅東,35.70876,139.806059
本所吾妻橋駅北,35.709437,139.804313
本所中学校入口,35.705395,139.802108
本一色一丁目,35.71654,139.86925
本一色一丁目,35.71654,139.86925
北烏山五丁目,35.681751,139.593331
豊玉中町,35.732976,139.659206
北新井公園,35.735146,139.668167
鳩の街通り商店街入口,35.720914,139.811282
墨田区総合運動場,35.737987,139.817378
八広図書館入口,35.724936,139.824057
北千住駅東口,35.749366,139.806631
北給田,35.670887,139.587906
北給田,35.670887,139.587906
八広小学校,35.726973,139.825326
保木間中央,35.797849,139.806698
保木間中央,35.797849,139.806698
武蔵丘高校入口,35.726753,139.635439
武蔵丘高校入口,35.726753,139.635439
平和の森小学校,35.714813,139.659085
武蔵台小学校,35.727164,139.631453
武蔵台小学校,35.727164,139.631453
武蔵丘高校,35.727049,139.633534
武蔵丘高校,35.727049,139.633534
北新宿,35.701748,139.689714
北新宿,35.701748,139.689714
北足立市場南,35.796179,139.764117
北中野中学校,35.727209,139.629026
北中野中学校,35.727209,139.629026
八成橋東,35.730424,139.616325
平和島五丁目,35.578149,139.743295
芳花園住宅,35.727129,139.676484
芳花園住宅,35.727129,139.676484
板橋有徳高校入口,35.771132,139.659385
百人町郵便局前,35.706322,139.696273
百人町郵便局前,35.706322,139.696273
百人町公務員宿舎,35.704437,139.696736
百人町公務員宿舎,35.704437,139.696736
百人町四丁目,35.708254,139.697822
百人町四丁目,35.708254,139.697822
落合中央公園,35.714007,139.692285
落合中央公園,35.714007,139.692285
立野境,35.712686,139.587249
立野境,35.712686,139.587249
矢口渡,35.563759,139.700819
矢口渡,35.563759,139.700819
祐天寺裏,35.635381,139.698128
祐天寺裏,35.635381,139.698128
稔ヶ丘高校,35.727238,139.626529
稔ヶ丘高校,35.727238,139.626529
稔ヶ丘高校入口,35.727371,139.622866
稔ヶ丘高校入口,35.727371,139.622866
明治神宮,35.66944,139.702049
明治神宮,35.66944,139.702049
野毛二丁目,35.601903,139.640034
野毛二丁目,35.601903,139.640034
野毛桜堤,35.604002,139.637162
野毛桜堤,35.604002,139.637162
油面公園,35.632932,139.694945
油面公園,35.632932,139.694945
祐天寺駅,35.637724,139.691457
祐天寺駅,35.637724,139.691457
明治神宮前駅,35.66938,139.703878
明治神宮前駅,35.66938,139.703878
目黒駅東口,35.633843,139.71749
立川,35.691594,139.805651
立川,35.691594,139.805651
木場公園,35.677159,139.806844
木場公園,35.677159,139.806844
野鳥公園入口,35.584361,139.759029
弥生二丁目,35.716421,139.762826
弥生二丁目,35.716421,139.762826
立会川,35.597939,139.737714
立会川,35.597939,139.737714
浴風会前,35.680612,139.614837
浴風会前,35.680612,139.614837
矢口中学校,35.563498,139.685381
矢口三丁目,35.560169,139.69364
矢口特別出張所入口,35.562059,139.69184
立花一丁目,35.705924,139.826425
立花一丁目,35.705924,139.826425
門前仲町二丁目,35.673928,139.796043
明治通り,35.718373,139.822384
明治通り,35.718373,139.822384
妙正寺池,35.719243,139.616556
妙正寺池,35.719243,139.616556
明神坂上,35.607901,139.640299
明神坂上,35.607901,139.640299
野毛公園前,35.606286,139.643462
野毛公園前,35.606286,139.643462
麻布台,35.660343,139.740286
麻布台,35.660343,139.740286
立教大学,35.728864,139.702212
立教大学,35.728864,139.702212
野方駅南口,35.716145,139.653629
野方駅南口,35.716145,139.653629
目白台三丁目,35.715262,139.724484
目白台三丁目,35.715262,139.724484
薬王寺町,35.696136,139.72523
薬王寺町,35.696136,139.72523
万世橋,35.698348,139.76991
万世橋,35.698348,139.76991
雷,35.655896,139.88404
雷,35.655896,139.88404
雷不動前,35.659685,139.884523
雷不動前,35.659685,139.884523
妙福寺,35.751137,139.579421
妙福寺,35.751137,139.579421
麻布十番公共駐車場前,35.656989,139.734539
溜池山王駅,35.67089,139.741024
麻布いーすと通り,35.65606,139.742577
麻布十番二丁目,35.654293,139.736743
有栖川宮記念公園,35.651964,139.724116
目白警察前,35.719879,139.711017
目白警察前,35.719879,139.711017
雷門前,35.710474,139.796395
目白台二丁目,35.718121,139.72128
柳嶋妙見山法性寺入口,35.708026,139.815997
牟礼前,35.68241,139.587358
牟礼前,35.68241,139.587358
柳橋中央通り,35.698236,139.787739
柳橋分院入口,35.699349,139.790138
柳北スポーツプラザ,35.69907,139.782429
竜泉一丁目,35.724684,139.789786
有隣病院前,35.650532,139.619366
有隣病院前,35.650532,139.619366
野見宿禰神社入口,35.696733,139.802712
弥生町五丁目,35.687724,139.66519
弥生町五丁目,35.687724,139.66519
弥勒寺前,35.690176,139.798946
明和橋,35.68935,139.88798
明和橋,35.68935,139.88798
落合駅,35.710288,139.684013
落合駅,35.710288,139.684013
野方一丁目,35.711844,139.660249
立石駅入口,35.738053,139.850233
立石駅入口,35.738053,139.850233
目白台一丁目,35.714357,139.725357
立花四丁目,35.710664,139.832037
立花大正民家園入口,35.708376,139.83636
立石七丁目,35.739119,139.849943
立石七丁目,35.739119,139.849943
野方三丁目,35.718378,139.657457
万世橋出張所,35.697935,139.770246
練馬高校,35.756672,139.636693
練馬高校,35.756672,139.636693
寮の坂上,35.60139,139.656078
練馬春日町駅東,35.75114,139.641269
練馬春日町駅東,35.75114,139.641269
渕江中入口,35.794882,139.806016
渕江中入口,35.794882,139.806016
練馬工業高校入口,35.751752,139.653924
練馬工業高校入口,35.751752,139.653924
鈴ヶ森,35.592721,139.73559
鈴ヶ森,35.592721,139.73559
練馬小学校,35.753108,139.635981
練馬小学校,35.753108,139.635981
六の橋,35.625577,139.618056
六の橋,35.625577,139.618056
六本木七丁目南,35.662397,139.730036
六本木交差点北,35.663893,139.731389
六本木七丁目,35.664838,139.73023
檜町公園,35.665726,139.732836
六本木六丁目,35.660643,139.726987
六郷神社,35.544541,139.71218
六郷神社,35.544541,139.71218
六ツ又陸橋,35.732581,139.71876
練馬南大泉一郵便局,35.736869,139.576316
練馬南大泉一郵便局,35.736869,139.576316
蓮根橋,35.789669,139.68002
蓮根橋,35.789669,139.68002
蓮根三丁目,35.789614,139.6773
蓮根三丁目,35.789614,139.6773
鶯谷駅北,35.723037,139.778851
鶯谷駅南,35.721049,139.78115
緑町墨堤通り,35.747931,139.794416
緑野小学校,35.723064,139.658471
緑野小学校,35.723064,139.658471
六号大通り,35.681958,139.675045
茗荷谷駅,35.717563,139.737373
緑と花の学習園/香取神社入口,35.711291,139.823992
両国駅西口,35.695317,139.792069
六義公園運動場入口,35.733206,139.74424
六義園入口,35.732853,139.748671
緑が丘交番前,35.608652,139.678164
緑が丘交番前,35.608652,139.678164
緑が丘駅,35.605951,139.678327
緑が丘駅,35.605951,139.678327
雙葉学園前,35.601826,139.659901
雙葉学園前,35.601826,139.659901
臨海第一保育園前,35.650847,139.861428
鶯谷駅前,35.722836,139.779332
鶯谷駅前,35.722836,139.779332
練馬工業高校裏,35.756117,139.656591
練馬工業高校裏,35.756117,139.656591
老健青戸こはるびの里,35.754592,139.85563
老健青戸こはるびの里,35.754592,139.85563
和泉公園入口前,35.69863,139.779055
和泉橋出張所,35.697423,139.774911
六軒町,35.67707,139.853216
六軒町,35.67707,139.853216
和田堀公園,35.740684,139.60821
和田堀公園,35.740684,139.60821